orgao_nome;uo_nome;classificacao;categoria;quantidade;valor
ASSEMBLEIA LEGISLATIVA DO ESTADO DE MINAS GERAIS - ALMG;ASSEMBLEIA LEGISLATIVA DO ESTADO DE MINAS GERAIS - ALMG;PESSOAL ATIVO;ADMINISTRATIVA;2466,00;1290195833,00
ASSEMBLEIA LEGISLATIVA DO ESTADO DE MINAS GERAIS - ALMG;ASSEMBLEIA LEGISLATIVA DO ESTADO DE MINAS GERAIS - ALMG;PESSOAL ATIVO;DIREÇÃO E ASSESSORAMENTO;74,00;
ASSEMBLEIA LEGISLATIVA DO ESTADO DE MINAS GERAIS - ALMG;ASSEMBLEIA LEGISLATIVA DO ESTADO DE MINAS GERAIS - ALMG;PESSOAL ATIVO;DIREÇÃO SUPERIOR;32,00;
ASSEMBLEIA LEGISLATIVA DO ESTADO DE MINAS GERAIS - ALMG;ASSEMBLEIA LEGISLATIVA DO ESTADO DE MINAS GERAIS - ALMG;PESSOAL ATIVO;ESPECIALIZADA;476,00;
ASSEMBLEIA LEGISLATIVA DO ESTADO DE MINAS GERAIS - ALMG;ASSEMBLEIA LEGISLATIVA DO ESTADO DE MINAS GERAIS - ALMG;PESSOAL ATIVO;MEMBROS DE PODER;78,00;
ASSEMBLEIA LEGISLATIVA DO ESTADO DE MINAS GERAIS - ALMG;ASSEMBLEIA LEGISLATIVA DO ESTADO DE MINAS GERAIS - ALMG;PESSOAL ATIVO;OUTRAS;26,00;
ASSEMBLEIA LEGISLATIVA DO ESTADO DE MINAS GERAIS - ALMG;ASSEMBLEIA LEGISLATIVA DO ESTADO DE MINAS GERAIS - ALMG;PESSOAL ATIVO;TÉCNICA;295,00;
ASSEMBLEIA LEGISLATIVA DO ESTADO DE MINAS GERAIS - ALMG;ASSEMBLEIA LEGISLATIVA DO ESTADO DE MINAS GERAIS - ALMG;PESSOAL INATIVO;INATIVO CIVIL;1251,00;618354000,00
TRIBUNAL DE CONTAS DO ESTADO DE MINAS GERAIS - TCEMG;TRIBUNAL DE CONTAS DO ESTADO DE MINAS GERAIS - TCEMG;PESSOAL ATIVO;ADMINISTRATIVA;217,00;684321031,00
TRIBUNAL DE CONTAS DO ESTADO DE MINAS GERAIS - TCEMG;TRIBUNAL DE CONTAS DO ESTADO DE MINAS GERAIS - TCEMG;PESSOAL ATIVO;DIREÇÃO E ASSESSORAMENTO;429,00;
TRIBUNAL DE CONTAS DO ESTADO DE MINAS GERAIS - TCEMG;TRIBUNAL DE CONTAS DO ESTADO DE MINAS GERAIS - TCEMG;PESSOAL ATIVO;ESPECIALIZADA;667,00;
TRIBUNAL DE CONTAS DO ESTADO DE MINAS GERAIS - TCEMG;TRIBUNAL DE CONTAS DO ESTADO DE MINAS GERAIS - TCEMG;PESSOAL ATIVO;MEMBROS DE PODER;14,00;
TRIBUNAL DE CONTAS DO ESTADO DE MINAS GERAIS - TCEMG;TRIBUNAL DE CONTAS DO ESTADO DE MINAS GERAIS - TCEMG;PESSOAL ATIVO;OUTRAS;4,00;
TRIBUNAL DE CONTAS DO ESTADO DE MINAS GERAIS - TCEMG;TRIBUNAL DE CONTAS DO ESTADO DE MINAS GERAIS - TCEMG;PESSOAL INATIVO;INATIVO CIVIL;861,00;546721750,00
TRIBUNAL DE JUSTIÇA DO ESTADO DE MINAS GERAIS - TJMG;TRIBUNAL DE JUSTIÇA DO ESTADO DE MINAS GERAIS - TJMG;PESSOAL ATIVO;ADMINISTRATIVA;8557,00;8221565034,00
TRIBUNAL DE JUSTIÇA DO ESTADO DE MINAS GERAIS - TJMG;TRIBUNAL DE JUSTIÇA DO ESTADO DE MINAS GERAIS - TJMG;PESSOAL ATIVO;DIREÇÃO E ASSESSORAMENTO;3765,00;
TRIBUNAL DE JUSTIÇA DO ESTADO DE MINAS GERAIS - TJMG;TRIBUNAL DE JUSTIÇA DO ESTADO DE MINAS GERAIS - TJMG;PESSOAL ATIVO;DIREÇÃO SUPERIOR;5,00;
TRIBUNAL DE JUSTIÇA DO ESTADO DE MINAS GERAIS - TJMG;TRIBUNAL DE JUSTIÇA DO ESTADO DE MINAS GERAIS - TJMG;PESSOAL ATIVO;ESPECIALIZADA;1161,00;
TRIBUNAL DE JUSTIÇA DO ESTADO DE MINAS GERAIS - TJMG;TRIBUNAL DE JUSTIÇA DO ESTADO DE MINAS GERAIS - TJMG;PESSOAL ATIVO;MEMBROS DE PODER;1132,00;
TRIBUNAL DE JUSTIÇA DO ESTADO DE MINAS GERAIS - TJMG;TRIBUNAL DE JUSTIÇA DO ESTADO DE MINAS GERAIS - TJMG;PESSOAL ATIVO;TÉCNICA;110,00;
TRIBUNAL DE JUSTIÇA DO ESTADO DE MINAS GERAIS - TJMG;TRIBUNAL DE JUSTIÇA DO ESTADO DE MINAS GERAIS - TJMG;PESSOAL INATIVO;INATIVO CIVIL;6977,00;3292602992,00
TRIBUNAL DE JUSTIÇA MILITAR DO ESTADO DE MINAS GERAIS - TJMMG;TRIBUNAL DE JUSTIÇA MILITAR DO ESTADO DE MINAS GERAIS - TJMMG;PESSOAL ATIVO;DIREÇÃO E ASSESSORAMENTO;77,00;103625895,00
TRIBUNAL DE JUSTIÇA MILITAR DO ESTADO DE MINAS GERAIS - TJMMG;TRIBUNAL DE JUSTIÇA MILITAR DO ESTADO DE MINAS GERAIS - TJMMG;PESSOAL ATIVO;DIREÇÃO SUPERIOR;10,00;
TRIBUNAL DE JUSTIÇA MILITAR DO ESTADO DE MINAS GERAIS - TJMMG;TRIBUNAL DE JUSTIÇA MILITAR DO ESTADO DE MINAS GERAIS - TJMMG;PESSOAL ATIVO;ESPECIALIZADA;19,00;
TRIBUNAL DE JUSTIÇA MILITAR DO ESTADO DE MINAS GERAIS - TJMMG;TRIBUNAL DE JUSTIÇA MILITAR DO ESTADO DE MINAS GERAIS - TJMMG;PESSOAL ATIVO;MEMBROS DE PODER;17,00;
TRIBUNAL DE JUSTIÇA MILITAR DO ESTADO DE MINAS GERAIS - TJMMG;TRIBUNAL DE JUSTIÇA MILITAR DO ESTADO DE MINAS GERAIS - TJMMG;PESSOAL ATIVO;OUTRAS;40,00;
TRIBUNAL DE JUSTIÇA MILITAR DO ESTADO DE MINAS GERAIS - TJMMG;TRIBUNAL DE JUSTIÇA MILITAR DO ESTADO DE MINAS GERAIS - TJMMG;PESSOAL ATIVO;TÉCNICA;73,00;
TRIBUNAL DE JUSTIÇA MILITAR DO ESTADO DE MINAS GERAIS - TJMMG;TRIBUNAL DE JUSTIÇA MILITAR DO ESTADO DE MINAS GERAIS - TJMMG;PESSOAL INATIVO;INATIVO CIVIL;73,00;48127759,00
TRIBUNAL DE JUSTIÇA MILITAR DO ESTADO DE MINAS GERAIS - TJMMG;TRIBUNAL DE JUSTIÇA MILITAR DO ESTADO DE MINAS GERAIS - TJMMG;PESSOAL INATIVO;INATIVO MILITAR;10,00;
GABINETE MILITAR DO GOVERNADOR DO ESTADO DE MINAS GERAIS - GMG;GABINETE MILITAR DO GOVERNADOR DO ESTADO DE MINAS GERAIS - GABINETE MILITAR;PESSOAL ATIVO;DIREÇÃO E ASSESSORAMENTO;60,00;8330350,00
GABINETE MILITAR DO GOVERNADOR DO ESTADO DE MINAS GERAIS - GMG;GABINETE MILITAR DO GOVERNADOR DO ESTADO DE MINAS GERAIS - GABINETE MILITAR;PESSOAL ATIVO;NATUREZA ESPECIAL;25,00;
ADVOCACIA GERAL DO ESTADO - AGE;ADVOCACIA GERAL DO ESTADO - AGE;PESSOAL ATIVO;ADMINISTRATIVA;319,00;371866796,00
ADVOCACIA GERAL DO ESTADO - AGE;ADVOCACIA GERAL DO ESTADO - AGE;PESSOAL ATIVO;DIREÇÃO E ASSESSORAMENTO;53,00;
ADVOCACIA GERAL DO ESTADO - AGE;ADVOCACIA GERAL DO ESTADO - AGE;PESSOAL ATIVO;DIREÇÃO SUPERIOR;3,00;
ADVOCACIA GERAL DO ESTADO - AGE;ADVOCACIA GERAL DO ESTADO - AGE;PESSOAL ATIVO;ESPECIALIZADA;434,00;
MINISTÉRIO PÚBLICO DO ESTADO DE MINAS GERAIS - MPMG;PROCURADORIA GERAL DE JUSTIÇA - PGJ;PESSOAL ATIVO;DIREÇÃO E ASSESSORAMENTO;778,00;2821000000,00
MINISTÉRIO PÚBLICO DO ESTADO DE MINAS GERAIS - MPMG;PROCURADORIA GERAL DE JUSTIÇA - PGJ;PESSOAL ATIVO;DIREÇÃO SUPERIOR;5,00;
MINISTÉRIO PÚBLICO DO ESTADO DE MINAS GERAIS - MPMG;PROCURADORIA GERAL DE JUSTIÇA - PGJ;PESSOAL ATIVO;ESPECIALIZADA;1365,00;
MINISTÉRIO PÚBLICO DO ESTADO DE MINAS GERAIS - MPMG;PROCURADORIA GERAL DE JUSTIÇA - PGJ;PESSOAL ATIVO;MEMBROS DE PODER;1086,00;
MINISTÉRIO PÚBLICO DO ESTADO DE MINAS GERAIS - MPMG;PROCURADORIA GERAL DE JUSTIÇA - PGJ;PESSOAL ATIVO;TÉCNICA;1483,00;
MINISTÉRIO PÚBLICO DO ESTADO DE MINAS GERAIS - MPMG;PROCURADORIA GERAL DE JUSTIÇA - PGJ;PESSOAL INATIVO;INATIVO CIVIL;483,00;846330618,00
OUVIDORIA-GERAL DO ESTADO DE MINAS GERAIS - OGE;OUVIDORIA-GERAL DO ESTADO DE MINAS GERAIS - OGE;PESSOAL ATIVO;ADMINISTRATIVA;41,00;15149831,00
OUVIDORIA-GERAL DO ESTADO DE MINAS GERAIS - OGE;OUVIDORIA-GERAL DO ESTADO DE MINAS GERAIS - OGE;PESSOAL ATIVO;DIREÇÃO E ASSESSORAMENTO;23,00;
OUVIDORIA-GERAL DO ESTADO DE MINAS GERAIS - OGE;OUVIDORIA-GERAL DO ESTADO DE MINAS GERAIS - OGE;PESSOAL ATIVO;DIREÇÃO SUPERIOR;2,00;
OUVIDORIA-GERAL DO ESTADO DE MINAS GERAIS - OGE;OUVIDORIA-GERAL DO ESTADO DE MINAS GERAIS - OGE;PESSOAL ATIVO;ESPECIALIZADA;15,00;
OUVIDORIA-GERAL DO ESTADO DE MINAS GERAIS - OGE;OUVIDORIA-GERAL DO ESTADO DE MINAS GERAIS - OGE;PESSOAL ATIVO;TÉCNICA;13,00;
SECRETARIA DE ESTADO DE FAZENDA - SEF;SECRETARIA DE ESTADO DE FAZENDA - SEF;PESSOAL ATIVO;ADMINISTRATIVA;570,00;1597708079,00
SECRETARIA DE ESTADO DE FAZENDA - SEF;SECRETARIA DE ESTADO DE FAZENDA - SEF;PESSOAL ATIVO;DIREÇÃO E ASSESSORAMENTO;767,00;
SECRETARIA DE ESTADO DE FAZENDA - SEF;SECRETARIA DE ESTADO DE FAZENDA - SEF;PESSOAL ATIVO;DIREÇÃO SUPERIOR;5,00;
SECRETARIA DE ESTADO DE FAZENDA - SEF;SECRETARIA DE ESTADO DE FAZENDA - SEF;PESSOAL ATIVO;ESPECIALIZADA;1506,00;
SECRETARIA DE ESTADO DE DESENVOLVIMENTO ECONÔMICO - SEDE;SECRETARIA DE ESTADO DE DESENVOLVIMENTO ECONÔMICO - SEDE;PESSOAL ATIVO;ADMINISTRATIVA;133,00;21940165,00
SECRETARIA DE ESTADO DE DESENVOLVIMENTO ECONÔMICO - SEDE;SECRETARIA DE ESTADO DE DESENVOLVIMENTO ECONÔMICO - SEDE;PESSOAL ATIVO;DIREÇÃO E ASSESSORAMENTO;46,00;
SECRETARIA DE ESTADO DE DESENVOLVIMENTO ECONÔMICO - SEDE;SECRETARIA DE ESTADO DE DESENVOLVIMENTO ECONÔMICO - SEDE;PESSOAL ATIVO;DIREÇÃO SUPERIOR;8,00;
SECRETARIA DE ESTADO DE AGRICULTURA, PECUÁRIA E ABASTECIMENTO - SEAPA;SECRETARIA DE ESTADO DE AGRICULTURA, PECUÁRIA E ABASTECIMENTO - SEAPA;PESSOAL ATIVO;ADMINISTRATIVA;45,00;23190893,00
SECRETARIA DE ESTADO DE AGRICULTURA, PECUÁRIA E ABASTECIMENTO - SEAPA;SECRETARIA DE ESTADO DE AGRICULTURA, PECUÁRIA E ABASTECIMENTO - SEAPA;PESSOAL ATIVO;DIREÇÃO E ASSESSORAMENTO;108,00;
SECRETARIA DE ESTADO DE AGRICULTURA, PECUÁRIA E ABASTECIMENTO - SEAPA;SECRETARIA DE ESTADO DE AGRICULTURA, PECUÁRIA E ABASTECIMENTO - SEAPA;PESSOAL ATIVO;DIREÇÃO SUPERIOR;2,00;
SECRETARIA DE ESTADO DE AGRICULTURA, PECUÁRIA E ABASTECIMENTO - SEAPA;SECRETARIA DE ESTADO DE AGRICULTURA, PECUÁRIA E ABASTECIMENTO - SEAPA;PESSOAL ATIVO;TÉCNICA;41,00;
POLÍCIA MILITAR DO ESTADO DE MINAS GERAIS - PMMG;POLÍCIA MILITAR DO ESTADO DE MINAS GERAIS - PMMG;PESSOAL ATIVO;ADMINISTRATIVA;1793,00;6764893932,00
POLÍCIA MILITAR DO ESTADO DE MINAS GERAIS - PMMG;POLÍCIA MILITAR DO ESTADO DE MINAS GERAIS - PMMG;PESSOAL ATIVO;DIREÇÃO E ASSESSORAMENTO;237,00;
POLÍCIA MILITAR DO ESTADO DE MINAS GERAIS - PMMG;POLÍCIA MILITAR DO ESTADO DE MINAS GERAIS - PMMG;PESSOAL ATIVO;DIREÇÃO SUPERIOR;3,00;
POLÍCIA MILITAR DO ESTADO DE MINAS GERAIS - PMMG;POLÍCIA MILITAR DO ESTADO DE MINAS GERAIS - PMMG;PESSOAL ATIVO;DOCENTE;2339,00;
POLÍCIA MILITAR DO ESTADO DE MINAS GERAIS - PMMG;POLÍCIA MILITAR DO ESTADO DE MINAS GERAIS - PMMG;PESSOAL ATIVO;ESPECIALIZADA;190,00;
POLÍCIA MILITAR DO ESTADO DE MINAS GERAIS - PMMG;POLÍCIA MILITAR DO ESTADO DE MINAS GERAIS - PMMG;PESSOAL ATIVO;NATUREZA ESPECIAL;1,00;
POLÍCIA MILITAR DO ESTADO DE MINAS GERAIS - PMMG;POLÍCIA MILITAR DO ESTADO DE MINAS GERAIS - PMMG;PESSOAL ATIVO;OFICIAL;3764,00;
POLÍCIA MILITAR DO ESTADO DE MINAS GERAIS - PMMG;POLÍCIA MILITAR DO ESTADO DE MINAS GERAIS - PMMG;PESSOAL ATIVO;PRAÇA;33828,00;
POLÍCIA MILITAR DO ESTADO DE MINAS GERAIS - PMMG;POLÍCIA MILITAR DO ESTADO DE MINAS GERAIS - PMMG;PESSOAL INATIVO;INATIVO MILITAR;39337,00;10551733807,00
SECRETARIA DE ESTADO DE EDUCAÇÃO - SEE;SECRETARIA DE ESTADO DE EDUCAÇÃO - SEE;PESSOAL ATIVO;ADMINISTRATIVA;37607,00;15398650205,00
SECRETARIA DE ESTADO DE EDUCAÇÃO - SEE;SECRETARIA DE ESTADO DE EDUCAÇÃO - SEE;PESSOAL ATIVO;DIREÇÃO E ASSESSORAMENTO;4144,00;
SECRETARIA DE ESTADO DE EDUCAÇÃO - SEE;SECRETARIA DE ESTADO DE EDUCAÇÃO - SEE;PESSOAL ATIVO;DIREÇÃO SUPERIOR;6,00;
SECRETARIA DE ESTADO DE EDUCAÇÃO - SEE;SECRETARIA DE ESTADO DE EDUCAÇÃO - SEE;PESSOAL ATIVO;DOCENTE;158968,00;
SECRETARIA DE ESTADO DE EDUCAÇÃO - SEE;SECRETARIA DE ESTADO DE EDUCAÇÃO - SEE;PESSOAL ATIVO;ESPECIALIZADA;14014,00;
SECRETARIA DE ESTADO DE EDUCAÇÃO - SEE;SECRETARIA DE ESTADO DE EDUCAÇÃO - SEE;PESSOAL ATIVO;TÉCNICA;23323,00;
SECRETARIA DE ESTADO DE CULTURA E TURISMO - SECULT;SECRETARIA DE ESTADO DE CULTURA E TURISMO - SECULT;PESSOAL ATIVO;ADMINISTRATIVA;80,00;26984745,00
SECRETARIA DE ESTADO DE CULTURA E TURISMO - SECULT;SECRETARIA DE ESTADO DE CULTURA E TURISMO - SECULT;PESSOAL ATIVO;DIREÇÃO E ASSESSORAMENTO;157,00;
SECRETARIA DE ESTADO DE CULTURA E TURISMO - SECULT;SECRETARIA DE ESTADO DE CULTURA E TURISMO - SECULT;PESSOAL ATIVO;DIREÇÃO SUPERIOR;4,00;
SECRETARIA DE ESTADO DE CULTURA E TURISMO - SECULT;SECRETARIA DE ESTADO DE CULTURA E TURISMO - SECULT;PESSOAL ATIVO;OUTRAS;3,00;
SECRETARIA DE ESTADO DE CULTURA E TURISMO - SECULT;SECRETARIA DE ESTADO DE CULTURA E TURISMO - SECULT;PESSOAL ATIVO;TÉCNICA;15,00;
SECRETARIA DE ESTADO DE INFRAESTRUTURA, MOBILIDADE E PARCERIA - SEINFRA;SECRETARIA DE ESTADO DE INFRAESTRUTURA, MOBILIDADE E PARCERIAS - SEINFRA;PESSOAL ATIVO;ADMINISTRATIVA;89,00;46038568,00
SECRETARIA DE ESTADO DE INFRAESTRUTURA, MOBILIDADE E PARCERIA - SEINFRA;SECRETARIA DE ESTADO DE INFRAESTRUTURA, MOBILIDADE E PARCERIAS - SEINFRA;PESSOAL ATIVO;DIREÇÃO E ASSESSORAMENTO;44,00;
SECRETARIA DE ESTADO DE INFRAESTRUTURA, MOBILIDADE E PARCERIA - SEINFRA;SECRETARIA DE ESTADO DE INFRAESTRUTURA, MOBILIDADE E PARCERIAS - SEINFRA;PESSOAL ATIVO;DIREÇÃO SUPERIOR;7,00;
SECRETARIA DE ESTADO DE INFRAESTRUTURA, MOBILIDADE E PARCERIA - SEINFRA;SECRETARIA DE ESTADO DE INFRAESTRUTURA, MOBILIDADE E PARCERIAS - SEINFRA;PESSOAL ATIVO;ESPECIALIZADA;124,00;
SECRETARIA DE ESTADO DE MEIO AMBIENTE E DESENVOLVIMENTO SUSTENTÁVEL - SEMAD;SECRETARIA DE ESTADO DE MEIO AMBIENTE E DESENVOLVIMENTO SUSTENTÁVEL - SEMAD;PESSOAL ATIVO;DIREÇÃO E ASSESSORAMENTO;83,00;107485536,00
SECRETARIA DE ESTADO DE MEIO AMBIENTE E DESENVOLVIMENTO SUSTENTÁVEL - SEMAD;SECRETARIA DE ESTADO DE MEIO AMBIENTE E DESENVOLVIMENTO SUSTENTÁVEL - SEMAD;PESSOAL ATIVO;DIREÇÃO SUPERIOR;10,00;
SECRETARIA DE ESTADO DE MEIO AMBIENTE E DESENVOLVIMENTO SUSTENTÁVEL - SEMAD;SECRETARIA DE ESTADO DE MEIO AMBIENTE E DESENVOLVIMENTO SUSTENTÁVEL - SEMAD;PESSOAL ATIVO;ESPECIALIZADA;333,00;
SECRETARIA DE ESTADO DE MEIO AMBIENTE E DESENVOLVIMENTO SUSTENTÁVEL - SEMAD;SECRETARIA DE ESTADO DE MEIO AMBIENTE E DESENVOLVIMENTO SUSTENTÁVEL - SEMAD;PESSOAL ATIVO;TÉCNICA;75,00;
CORPO DE BOMBEIROS MILITAR DO ESTADO DE MINAS GERAIS - CBMMG;CORPO DE BOMBEIROS MILITAR DO ESTADO DE MINAS GERAIS - CBMMG;PESSOAL ATIVO;DIREÇÃO E ASSESSORAMENTO;22,00;1065401718,00
CORPO DE BOMBEIROS MILITAR DO ESTADO DE MINAS GERAIS - CBMMG;CORPO DE BOMBEIROS MILITAR DO ESTADO DE MINAS GERAIS - CBMMG;PESSOAL ATIVO;DIREÇÃO SUPERIOR;2,00;
CORPO DE BOMBEIROS MILITAR DO ESTADO DE MINAS GERAIS - CBMMG;CORPO DE BOMBEIROS MILITAR DO ESTADO DE MINAS GERAIS - CBMMG;PESSOAL ATIVO;OFICIAL;724,00;
CORPO DE BOMBEIROS MILITAR DO ESTADO DE MINAS GERAIS - CBMMG;CORPO DE BOMBEIROS MILITAR DO ESTADO DE MINAS GERAIS - CBMMG;PESSOAL ATIVO;PRAÇA;5145,00;
CORPO DE BOMBEIROS MILITAR DO ESTADO DE MINAS GERAIS - CBMMG;CORPO DE BOMBEIROS MILITAR DO ESTADO DE MINAS GERAIS - CBMMG;PESSOAL INATIVO;INATIVO MILITAR;3219,00;904930876,00
DEFENSORIA PUBLICA DO ESTADO DE MINAS GERAIS - DEF PUB;DEFENSORIA PUBLICA DO ESTADO DE MINAS GERAIS - DEF PUB;PESSOAL ATIVO;ADMINISTRATIVA;6,00;776270300,00
DEFENSORIA PUBLICA DO ESTADO DE MINAS GERAIS - DEF PUB;DEFENSORIA PUBLICA DO ESTADO DE MINAS GERAIS - DEF PUB;PESSOAL ATIVO;DIREÇÃO E ASSESSORAMENTO;114,00;
DEFENSORIA PUBLICA DO ESTADO DE MINAS GERAIS - DEF PUB;DEFENSORIA PUBLICA DO ESTADO DE MINAS GERAIS - DEF PUB;PESSOAL ATIVO;DIREÇÃO SUPERIOR;5,00;
DEFENSORIA PUBLICA DO ESTADO DE MINAS GERAIS - DEF PUB;DEFENSORIA PUBLICA DO ESTADO DE MINAS GERAIS - DEF PUB;PESSOAL ATIVO;ESPECIALIZADA;69,00;
DEFENSORIA PUBLICA DO ESTADO DE MINAS GERAIS - DEF PUB;DEFENSORIA PUBLICA DO ESTADO DE MINAS GERAIS - DEF PUB;PESSOAL ATIVO;TÉCNICA;983,00;
DEFENSORIA PUBLICA DO ESTADO DE MINAS GERAIS - DEF PUB;DEFENSORIA PUBLICA DO ESTADO DE MINAS GERAIS - DEF PUB;PESSOAL INATIVO;INATIVO CIVIL;397,00;170188982,00
SECRETARIA DE ESTADO DE JUSTIÇA E SEGURANÇA PÚBLICA - SEJUSP;SECRETARIA DE ESTADO DE JUSTIÇA E SEGURANÇA PÚBLICA - SEJUSP;PESSOAL ATIVO;ADMINISTRATIVA;804,00;3009171633,00
SECRETARIA DE ESTADO DE JUSTIÇA E SEGURANÇA PÚBLICA - SEJUSP;SECRETARIA DE ESTADO DE JUSTIÇA E SEGURANÇA PÚBLICA - SEJUSP;PESSOAL ATIVO;DIREÇÃO E ASSESSORAMENTO;285,00;
SECRETARIA DE ESTADO DE JUSTIÇA E SEGURANÇA PÚBLICA - SEJUSP;SECRETARIA DE ESTADO DE JUSTIÇA E SEGURANÇA PÚBLICA - SEJUSP;PESSOAL ATIVO;DIREÇÃO SUPERIOR;9,00;
SECRETARIA DE ESTADO DE JUSTIÇA E SEGURANÇA PÚBLICA - SEJUSP;SECRETARIA DE ESTADO DE JUSTIÇA E SEGURANÇA PÚBLICA - SEJUSP;PESSOAL ATIVO;ESPECIALIZADA;1139,00;
SECRETARIA DE ESTADO DE JUSTIÇA E SEGURANÇA PÚBLICA - SEJUSP;SECRETARIA DE ESTADO DE JUSTIÇA E SEGURANÇA PÚBLICA - SEJUSP;PESSOAL ATIVO;NATUREZA ESPECIAL;3,00;
SECRETARIA DE ESTADO DE JUSTIÇA E SEGURANÇA PÚBLICA - SEJUSP;SECRETARIA DE ESTADO DE JUSTIÇA E SEGURANÇA PÚBLICA - SEJUSP;PESSOAL ATIVO;TÉCNICA;17855,00;
SECRETARIA DE ESTADO DE DESENVOLVIMENTO SOCIAL - SEDESE;SECRETARIA DE ESTADO DE DESENVOLVIMENTO SOCIAL - SEDESE;PESSOAL ATIVO;ADMINISTRATIVA;142,00;68372974,00
SECRETARIA DE ESTADO DE DESENVOLVIMENTO SOCIAL - SEDESE;SECRETARIA DE ESTADO DE DESENVOLVIMENTO SOCIAL - SEDESE;PESSOAL ATIVO;DIREÇÃO E ASSESSORAMENTO;287,00;
SECRETARIA DE ESTADO DE DESENVOLVIMENTO SOCIAL - SEDESE;SECRETARIA DE ESTADO DE DESENVOLVIMENTO SOCIAL - SEDESE;PESSOAL ATIVO;DIREÇÃO SUPERIOR;11,00;
SECRETARIA DE ESTADO DE DESENVOLVIMENTO SOCIAL - SEDESE;SECRETARIA DE ESTADO DE DESENVOLVIMENTO SOCIAL - SEDESE;PESSOAL ATIVO;DOCENTE;2,00;
SECRETARIA DE ESTADO DE DESENVOLVIMENTO SOCIAL - SEDESE;SECRETARIA DE ESTADO DE DESENVOLVIMENTO SOCIAL - SEDESE;PESSOAL ATIVO;ESPECIALIZADA;147,00;
SECRETARIA DE ESTADO DE DESENVOLVIMENTO SOCIAL - SEDESE;SECRETARIA DE ESTADO DE DESENVOLVIMENTO SOCIAL - SEDESE;PESSOAL ATIVO;TÉCNICA;142,00;
SECRETARIA DE ESTADO DE GOVERNO - SEGOV;SECRETARIA DE ESTADO DE GOVERNO - SEGOV;PESSOAL ATIVO;DIREÇÃO E ASSESSORAMENTO;262,00;48354448,00
SECRETARIA DE ESTADO DE GOVERNO - SEGOV;SECRETARIA DE ESTADO DE GOVERNO - SEGOV;PESSOAL ATIVO;DIREÇÃO SUPERIOR;5,00;
SECRETARIA DE ESTADO DE GOVERNO - SEGOV;SECRETARIA DE ESTADO DE GOVERNO - SEGOV;PESSOAL ATIVO;ESPECIALIZADA;46,00;
SECRETARIA DE ESTADO DE GOVERNO - SEGOV;SECRETARIA DE ESTADO DE GOVERNO - SEGOV;PESSOAL ATIVO;TÉCNICA;63,00;
SECRETARIA DE ESTADO DE PLANEJAMENTO E GESTÃO - SEPLAG;SECRETARIA DE ESTADO DE PLANEJAMENTO E GESTÃO - SEPLAG;PESSOAL ATIVO;ADMINISTRATIVA;624,00;294334291,00
SECRETARIA DE ESTADO DE PLANEJAMENTO E GESTÃO - SEPLAG;SECRETARIA DE ESTADO DE PLANEJAMENTO E GESTÃO - SEPLAG;PESSOAL ATIVO;DIREÇÃO E ASSESSORAMENTO;751,00;
POLÍCIA CIVIL DO ESTADO DE MINAS GERAIS - PCMG;POLÍCIA CIVIL DO ESTADO DE MINAS GERAIS - PCMG;PESSOAL ATIVO;ADMINISTRATIVA;1067,00;2808906677,00
POLÍCIA CIVIL DO ESTADO DE MINAS GERAIS - PCMG;POLÍCIA CIVIL DO ESTADO DE MINAS GERAIS - PCMG;PESSOAL ATIVO;OUTRAS;10080,00;
CONTROLADORIA-GERAL DO ESTADO - CGE;CONTROLADORIA-GERAL DO ESTADO - CGE;PESSOAL ATIVO;DIREÇÃO E ASSESSORAMENTO;43,00;65231757,00
CONTROLADORIA-GERAL DO ESTADO - CGE;CONTROLADORIA-GERAL DO ESTADO - CGE;PESSOAL ATIVO;DIREÇÃO SUPERIOR;2,00;
CONTROLADORIA-GERAL DO ESTADO - CGE;CONTROLADORIA-GERAL DO ESTADO - CGE;PESSOAL ATIVO;ESPECIALIZADA;135,00;
CONTROLADORIA-GERAL DO ESTADO - CGE;CONTROLADORIA-GERAL DO ESTADO - CGE;PESSOAL ATIVO;TÉCNICA;19,00;
ESCOLA DE SAÚDE PÚBLICA DO ESTADO DE MINAS GERAIS - ESP MG;ESCOLA DE SAÚDE PÚBLICA DO ESTADO DE MINAS GERAIS - ESP MG;PESSOAL ATIVO;ADMINISTRATIVA;11,00;17243430,00
ESCOLA DE SAÚDE PÚBLICA DO ESTADO DE MINAS GERAIS - ESP MG;ESCOLA DE SAÚDE PÚBLICA DO ESTADO DE MINAS GERAIS - ESP MG;PESSOAL ATIVO;DIREÇÃO E ASSESSORAMENTO;13,00;
ESCOLA DE SAÚDE PÚBLICA DO ESTADO DE MINAS GERAIS - ESP MG;ESCOLA DE SAÚDE PÚBLICA DO ESTADO DE MINAS GERAIS - ESP MG;PESSOAL ATIVO;DIREÇÃO SUPERIOR;1,00;
ESCOLA DE SAÚDE PÚBLICA DO ESTADO DE MINAS GERAIS - ESP MG;ESCOLA DE SAÚDE PÚBLICA DO ESTADO DE MINAS GERAIS - ESP MG;PESSOAL ATIVO;ESPECIALIZADA;54,00;
GOVERNADORIA DO ESTADO - GOVERNADORIA;SECRETARIA-GERAL - SEC. GERAL;PESSOAL ATIVO;ADMINISTRATIVA;2,00;9190097,00
GOVERNADORIA DO ESTADO - GOVERNADORIA;SECRETARIA-GERAL - SEC. GERAL;PESSOAL ATIVO;DIREÇÃO E ASSESSORAMENTO;32,00;
GOVERNADORIA DO ESTADO - GOVERNADORIA;SECRETARIA-GERAL - SEC. GERAL;PESSOAL ATIVO;DIREÇÃO SUPERIOR;3,00;
GOVERNADORIA DO ESTADO - GOVERNADORIA;SECRETARIA-GERAL - SEC. GERAL;PESSOAL ATIVO;ESPECIALIZADA;4,00;
GOVERNADORIA DO ESTADO - GOVERNADORIA;SECRETARIA-GERAL - SEC. GERAL;PESSOAL ATIVO;MEMBROS DE PODER;2,00;
SECRETARIA DE ESTADO DE COMUNICAÇÃO SOCIAL - SECOM;SECRETARIA DE ESTADO DE COMUNICAÇÃO SOCIAL - SECOM;PESSOAL ATIVO;DIREÇÃO E ASSESSORAMENTO;91,00;11634469,00
SECRETARIA DE ESTADO DE COMUNICAÇÃO SOCIAL - SECOM;SECRETARIA DE ESTADO DE COMUNICAÇÃO SOCIAL - SECOM;PESSOAL ATIVO;DIREÇÃO SUPERIOR;2,00;
SECRETARIA DE ESTADO DE COMUNICAÇÃO SOCIAL - SECOM;SECRETARIA DE ESTADO DE COMUNICAÇÃO SOCIAL - SECOM;PESSOAL ATIVO;ESPECIALIZADA;1,00;
SECRETARIA DE ESTADO DE COMUNICAÇÃO SOCIAL - SECOM;SECRETARIA DE ESTADO DE COMUNICAÇÃO SOCIAL - SECOM;PESSOAL ATIVO;OUTRAS;20,00;
SECRETARIA DE ESTADO DA CASA CIVIL - SCC;SECRETARIA DE ESTADO DA CASA CIVIL - SCC;PESSOAL ATIVO;DIREÇÃO E ASSESSORAMENTO;36,00;6822629,00
SECRETARIA DE ESTADO DA CASA CIVIL - SCC;SECRETARIA DE ESTADO DA CASA CIVIL - SCC;PESSOAL ATIVO;DIREÇÃO SUPERIOR;3,00;
SECRETARIA DE ESTADO DA CASA CIVIL - SCC;SECRETARIA DE ESTADO DA CASA CIVIL - SCC;PESSOAL ATIVO;ESPECIALIZADA;10,00;
SECRETARIA DE ESTADO DA CASA CIVIL - SCC;SECRETARIA DE ESTADO DA CASA CIVIL - SCC;PESSOAL ATIVO;TÉCNICA;4,00;
SECRETARIA DE ESTADO DE PLANEJAMENTO E GESTÃO - SEPLAG;INSTITUTO DE PREVIDÊNCIA DOS SERVIDORES DO ESTADO DE MINAS GERAIS - IPSEMG;PESSOAL ATIVO;ADMINISTRATIVA;807,00;308776025,00
SECRETARIA DE ESTADO DE PLANEJAMENTO E GESTÃO - SEPLAG;INSTITUTO DE PREVIDÊNCIA DOS SERVIDORES DO ESTADO DE MINAS GERAIS - IPSEMG;PESSOAL ATIVO;DIREÇÃO E ASSESSORAMENTO;75,00;
SECRETARIA DE ESTADO DE PLANEJAMENTO E GESTÃO - SEPLAG;INSTITUTO DE PREVIDÊNCIA DOS SERVIDORES DO ESTADO DE MINAS GERAIS - IPSEMG;PESSOAL ATIVO;DIREÇÃO SUPERIOR;2,00;
SECRETARIA DE ESTADO DE PLANEJAMENTO E GESTÃO - SEPLAG;INSTITUTO DE PREVIDÊNCIA DOS SERVIDORES DO ESTADO DE MINAS GERAIS - IPSEMG;PESSOAL ATIVO;ESPECIALIZADA;916,00;
SECRETARIA DE ESTADO DE PLANEJAMENTO E GESTÃO - SEPLAG;INSTITUTO DE PREVIDÊNCIA DOS SERVIDORES DO ESTADO DE MINAS GERAIS - IPSEMG;PESSOAL ATIVO;TÉCNICA;603,00;
SECRETARIA DE ESTADO DE DESENVOLVIMENTO ECONÔMICO - SEDE;LOTERIA DO ESTADO DE MINAS GERAIS - LEMG;PESSOAL ATIVO;ADMINISTRATIVA;13,00;2223557,00
SECRETARIA DE ESTADO DE DESENVOLVIMENTO ECONÔMICO - SEDE;LOTERIA DO ESTADO DE MINAS GERAIS - LEMG;PESSOAL ATIVO;DIREÇÃO E ASSESSORAMENTO;4,00;
SECRETARIA DE ESTADO DE DESENVOLVIMENTO ECONÔMICO - SEDE;LOTERIA DO ESTADO DE MINAS GERAIS - LEMG;PESSOAL ATIVO;DIREÇÃO SUPERIOR;3,00;
SECRETARIA DE ESTADO DE PLANEJAMENTO E GESTÃO - SEPLAG;FUNDAÇÃO JOÃO PINHEIRO - FJP;PESSOAL ATIVO;ADMINISTRATIVA;2,00;54979585,00
SECRETARIA DE ESTADO DE PLANEJAMENTO E GESTÃO - SEPLAG;FUNDAÇÃO JOÃO PINHEIRO - FJP;PESSOAL ATIVO;DIREÇÃO E ASSESSORAMENTO;57,00;
SECRETARIA DE ESTADO DE PLANEJAMENTO E GESTÃO - SEPLAG;FUNDAÇÃO JOÃO PINHEIRO - FJP;PESSOAL ATIVO;DIREÇÃO SUPERIOR;2,00;
SECRETARIA DE ESTADO DE PLANEJAMENTO E GESTÃO - SEPLAG;FUNDAÇÃO JOÃO PINHEIRO - FJP;PESSOAL ATIVO;ESPECIALIZADA;148,00;
SECRETARIA DE ESTADO DE PLANEJAMENTO E GESTÃO - SEPLAG;FUNDAÇÃO JOÃO PINHEIRO - FJP;PESSOAL ATIVO;MEMBROS DE PODER;1,00;
SECRETARIA DE ESTADO DE PLANEJAMENTO E GESTÃO - SEPLAG;FUNDAÇÃO JOÃO PINHEIRO - FJP;PESSOAL ATIVO;TÉCNICA;43,00;
SECRETARIA DE ESTADO DE DESENVOLVIMENTO ECONÔMICO - SEDE;FUNDAÇÃO DE AMPARO À PESQUISA DO ESTADO DE MINAS GERAIS - FAPEMIG;PESSOAL ATIVO;ADMINISTRATIVA;62,00;10675405,00
SECRETARIA DE ESTADO DE DESENVOLVIMENTO ECONÔMICO - SEDE;FUNDAÇÃO DE AMPARO À PESQUISA DO ESTADO DE MINAS GERAIS - FAPEMIG;PESSOAL ATIVO;DIREÇÃO E ASSESSORAMENTO;24,00;
SECRETARIA DE ESTADO DE DESENVOLVIMENTO ECONÔMICO - SEDE;FUNDAÇÃO DE AMPARO À PESQUISA DO ESTADO DE MINAS GERAIS - FAPEMIG;PESSOAL ATIVO;DIREÇÃO SUPERIOR;3,00;
SECRETARIA DE ESTADO DE MEIO AMBIENTE E DESENVOLVIMENTO SUSTENTÁVEL - SEMAD;FUNDAÇÃO ESTADUAL DO MEIO AMBIENTE - FEAM;PESSOAL ATIVO;DIREÇÃO E ASSESSORAMENTO;78,00;52674384,00
SECRETARIA DE ESTADO DE MEIO AMBIENTE E DESENVOLVIMENTO SUSTENTÁVEL - SEMAD;FUNDAÇÃO ESTADUAL DO MEIO AMBIENTE - FEAM;PESSOAL ATIVO;DIREÇÃO SUPERIOR;1,00;
SECRETARIA DE ESTADO DE MEIO AMBIENTE E DESENVOLVIMENTO SUSTENTÁVEL - SEMAD;FUNDAÇÃO ESTADUAL DO MEIO AMBIENTE - FEAM;PESSOAL ATIVO;ESPECIALIZADA;296,00;
SECRETARIA DE ESTADO DE MEIO AMBIENTE E DESENVOLVIMENTO SUSTENTÁVEL - SEMAD;FUNDAÇÃO ESTADUAL DO MEIO AMBIENTE - FEAM;PESSOAL ATIVO;TÉCNICA;53,00;
SECRETARIA DE ESTADO DE MEIO AMBIENTE E DESENVOLVIMENTO SUSTENTÁVEL - SEMAD;INSTITUTO ESTADUAL DE FLORESTAS - IEF;PESSOAL ATIVO;DIREÇÃO E ASSESSORAMENTO;217,00;126112106,00
SECRETARIA DE ESTADO DE MEIO AMBIENTE E DESENVOLVIMENTO SUSTENTÁVEL - SEMAD;INSTITUTO ESTADUAL DE FLORESTAS - IEF;PESSOAL ATIVO;DIREÇÃO SUPERIOR;1,00;
SECRETARIA DE ESTADO DE MEIO AMBIENTE E DESENVOLVIMENTO SUSTENTÁVEL - SEMAD;INSTITUTO ESTADUAL DE FLORESTAS - IEF;PESSOAL ATIVO;ESPECIALIZADA;262,00;
SECRETARIA DE ESTADO DE MEIO AMBIENTE E DESENVOLVIMENTO SUSTENTÁVEL - SEMAD;INSTITUTO ESTADUAL DE FLORESTAS - IEF;PESSOAL ATIVO;TÉCNICA;266,00;
POLÍCIA MILITAR DO ESTADO DE MINAS GERAIS - PMMG;INSTITUTO DE PREVIDÊNCIA DOS SERVIDORES MILITARES DO ESTADO DE MINAS GERAIS - IPSM;PESSOAL ATIVO;ADMINISTRATIVA;109,00;2296469109,00
POLÍCIA MILITAR DO ESTADO DE MINAS GERAIS - PMMG;INSTITUTO DE PREVIDÊNCIA DOS SERVIDORES MILITARES DO ESTADO DE MINAS GERAIS - IPSM;PESSOAL ATIVO;DIREÇÃO E ASSESSORAMENTO;38,00;
POLÍCIA MILITAR DO ESTADO DE MINAS GERAIS - PMMG;INSTITUTO DE PREVIDÊNCIA DOS SERVIDORES MILITARES DO ESTADO DE MINAS GERAIS - IPSM;PESSOAL ATIVO;DIREÇÃO SUPERIOR;4,00;
POLÍCIA MILITAR DO ESTADO DE MINAS GERAIS - PMMG;INSTITUTO DE PREVIDÊNCIA DOS SERVIDORES MILITARES DO ESTADO DE MINAS GERAIS - IPSM;PESSOAL ATIVO;ESPECIALIZADA;36,00;
SECRETARIA DE ESTADO DE EDUCAÇÃO - SEE;FUNDAÇÃO HELENA ANTIPOFF - FHA;PESSOAL ATIVO;ADMINISTRATIVA;205,00;36677683,00
SECRETARIA DE ESTADO DE EDUCAÇÃO - SEE;FUNDAÇÃO HELENA ANTIPOFF - FHA;PESSOAL ATIVO;DIREÇÃO E ASSESSORAMENTO;22,00;
SECRETARIA DE ESTADO DE EDUCAÇÃO - SEE;FUNDAÇÃO HELENA ANTIPOFF - FHA;PESSOAL ATIVO;DIREÇÃO SUPERIOR;4,00;
SECRETARIA DE ESTADO DE EDUCAÇÃO - SEE;FUNDAÇÃO HELENA ANTIPOFF - FHA;PESSOAL ATIVO;DOCENTE;332,00;
SECRETARIA DE ESTADO DE EDUCAÇÃO - SEE;FUNDAÇÃO HELENA ANTIPOFF - FHA;PESSOAL ATIVO;ESPECIALIZADA;30,00;
SECRETARIA DE ESTADO DE EDUCAÇÃO - SEE;FUNDAÇÃO HELENA ANTIPOFF - FHA;PESSOAL ATIVO;TÉCNICA;22,00;
SECRETARIA DE ESTADO DE EDUCAÇÃO - SEE;FUNDAÇÃO EDUCACIONAL CAIO MARTINS - FUCAM;PESSOAL ATIVO;ADMINISTRATIVA;22,00;3948796,00
SECRETARIA DE ESTADO DE EDUCAÇÃO - SEE;FUNDAÇÃO EDUCACIONAL CAIO MARTINS - FUCAM;PESSOAL ATIVO;DIREÇÃO E ASSESSORAMENTO;2,00;
SECRETARIA DE ESTADO DE EDUCAÇÃO - SEE;FUNDAÇÃO EDUCACIONAL CAIO MARTINS - FUCAM;PESSOAL ATIVO;DIREÇÃO SUPERIOR;2,00;
SECRETARIA DE ESTADO DE CULTURA E TURISMO - SECULT;FUNDAÇÃO DE ARTE DE OURO PRETO - FAOP;PESSOAL ATIVO;ADMINISTRATIVA;13,00;2641831,00
SECRETARIA DE ESTADO DE CULTURA E TURISMO - SECULT;FUNDAÇÃO DE ARTE DE OURO PRETO - FAOP;PESSOAL ATIVO;DIREÇÃO E ASSESSORAMENTO;20,00;
SECRETARIA DE ESTADO DE CULTURA E TURISMO - SECULT;FUNDAÇÃO DE ARTE DE OURO PRETO - FAOP;PESSOAL ATIVO;DIREÇÃO SUPERIOR;1,00;
SECRETARIA DE ESTADO DE CULTURA E TURISMO - SECULT;FUNDAÇÃO DE ARTE DE OURO PRETO - FAOP;PESSOAL ATIVO;DOCENTE;18,00;
SECRETARIA DE ESTADO DE CULTURA E TURISMO - SECULT;FUNDAÇÃO CLÓVIS SALGADO - FCS;PESSOAL ATIVO;ADMINISTRATIVA;55,00;24128670,00
SECRETARIA DE ESTADO DE CULTURA E TURISMO - SECULT;FUNDAÇÃO CLÓVIS SALGADO - FCS;PESSOAL ATIVO;DIREÇÃO E ASSESSORAMENTO;46,00;
SECRETARIA DE ESTADO DE CULTURA E TURISMO - SECULT;FUNDAÇÃO CLÓVIS SALGADO - FCS;PESSOAL ATIVO;DIREÇÃO SUPERIOR;1,00;
SECRETARIA DE ESTADO DE CULTURA E TURISMO - SECULT;FUNDAÇÃO CLÓVIS SALGADO - FCS;PESSOAL ATIVO;DOCENTE;78,00;
SECRETARIA DE ESTADO DE CULTURA E TURISMO - SECULT;FUNDAÇÃO CLÓVIS SALGADO - FCS;PESSOAL ATIVO;ESPECIALIZADA;102,00;
SECRETARIA DE ESTADO DE CULTURA E TURISMO - SECULT;INSTITUTO ESTADUAL DO PATRIMÔNIO HISTÓRICO E ARTÍSTICO DE MINAS GERAIS - IEPHA;PESSOAL ATIVO;ADMINISTRATIVA;1,00;11042625,00
SECRETARIA DE ESTADO DE CULTURA E TURISMO - SECULT;INSTITUTO ESTADUAL DO PATRIMÔNIO HISTÓRICO E ARTÍSTICO DE MINAS GERAIS - IEPHA;PESSOAL ATIVO;DIREÇÃO E ASSESSORAMENTO;22,00;
SECRETARIA DE ESTADO DE CULTURA E TURISMO - SECULT;INSTITUTO ESTADUAL DO PATRIMÔNIO HISTÓRICO E ARTÍSTICO DE MINAS GERAIS - IEPHA;PESSOAL ATIVO;DIREÇÃO SUPERIOR;1,00;
SECRETARIA DE ESTADO DE CULTURA E TURISMO - SECULT;INSTITUTO ESTADUAL DO PATRIMÔNIO HISTÓRICO E ARTÍSTICO DE MINAS GERAIS - IEPHA;PESSOAL ATIVO;ESPECIALIZADA;43,00;
SECRETARIA DE ESTADO DE CULTURA E TURISMO - SECULT;INSTITUTO ESTADUAL DO PATRIMÔNIO HISTÓRICO E ARTÍSTICO DE MINAS GERAIS - IEPHA;PESSOAL ATIVO;TÉCNICA;23,00;
SECRETARIA DE ESTADO DE COMUNICAÇÃO SOCIAL - SECOM;FUNDAÇÃO TV MINAS CULTURAL E EDUCATIVA - TV MINAS;PESSOAL ATIVO;ADMINISTRATIVA;5,00;6539322,00
SECRETARIA DE ESTADO DE COMUNICAÇÃO SOCIAL - SECOM;FUNDAÇÃO TV MINAS CULTURAL E EDUCATIVA - TV MINAS;PESSOAL ATIVO;DIREÇÃO E ASSESSORAMENTO;4,00;
SECRETARIA DE ESTADO DE COMUNICAÇÃO SOCIAL - SECOM;FUNDAÇÃO TV MINAS CULTURAL E EDUCATIVA - TV MINAS;PESSOAL ATIVO;ESPECIALIZADA;65,00;
SECRETARIA DE ESTADO DE COMUNICAÇÃO SOCIAL - SECOM;FUNDAÇÃO TV MINAS CULTURAL E EDUCATIVA - TV MINAS;PESSOAL ATIVO;TÉCNICA;28,00;
SECRETARIA DE ESTADO DE MEIO AMBIENTE E DESENVOLVIMENTO SUSTENTÁVEL - SEMAD;INSTITUTO MINEIRO DE GESTÃO DAS ÁGUAS - IGAM;PESSOAL ATIVO;DIREÇÃO E ASSESSORAMENTO;29,00;27536048,00
SECRETARIA DE ESTADO DE MEIO AMBIENTE E DESENVOLVIMENTO SUSTENTÁVEL - SEMAD;INSTITUTO MINEIRO DE GESTÃO DAS ÁGUAS - IGAM;PESSOAL ATIVO;DIREÇÃO SUPERIOR;1,00;
SECRETARIA DE ESTADO DE MEIO AMBIENTE E DESENVOLVIMENTO SUSTENTÁVEL - SEMAD;INSTITUTO MINEIRO DE GESTÃO DAS ÁGUAS - IGAM;PESSOAL ATIVO;ESPECIALIZADA;99,00;
SECRETARIA DE ESTADO DE MEIO AMBIENTE E DESENVOLVIMENTO SUSTENTÁVEL - SEMAD;INSTITUTO MINEIRO DE GESTÃO DAS ÁGUAS - IGAM;PESSOAL ATIVO;TÉCNICA;45,00;
SECRETARIA DE ESTADO DE DESENVOLVIMENTO ECONÔMICO - SEDE;JUNTA COMERCIAL DO ESTADO DE MINAS GERAIS - JUCEMG;PESSOAL ATIVO;ADMINISTRATIVA;13,00;18471158,00
SECRETARIA DE ESTADO DE DESENVOLVIMENTO ECONÔMICO - SEDE;JUNTA COMERCIAL DO ESTADO DE MINAS GERAIS - JUCEMG;PESSOAL ATIVO;DIREÇÃO E ASSESSORAMENTO;25,00;
SECRETARIA DE ESTADO DE DESENVOLVIMENTO ECONÔMICO - SEDE;JUNTA COMERCIAL DO ESTADO DE MINAS GERAIS - JUCEMG;PESSOAL ATIVO;DIREÇÃO SUPERIOR;3,00;
SECRETARIA DE ESTADO DE DESENVOLVIMENTO ECONÔMICO - SEDE;JUNTA COMERCIAL DO ESTADO DE MINAS GERAIS - JUCEMG;PESSOAL ATIVO;ESPECIALIZADA;26,00;
SECRETARIA DE ESTADO DE DESENVOLVIMENTO ECONÔMICO - SEDE;JUNTA COMERCIAL DO ESTADO DE MINAS GERAIS - JUCEMG;PESSOAL ATIVO;OUTRAS;35,00;
SECRETARIA DE ESTADO DE DESENVOLVIMENTO ECONÔMICO - SEDE;JUNTA COMERCIAL DO ESTADO DE MINAS GERAIS - JUCEMG;PESSOAL ATIVO;TÉCNICA;103,00;
SECRETARIA DE ESTADO DE SAÚDE - SES;FUNDAÇÃO EZEQUIEL DIAS - FUNED;PESSOAL ATIVO;ADMINISTRATIVA;239,00;106487799,00
SECRETARIA DE ESTADO DE SAÚDE - SES;FUNDAÇÃO EZEQUIEL DIAS - FUNED;PESSOAL ATIVO;DIREÇÃO E ASSESSORAMENTO;26,00;
SECRETARIA DE ESTADO DE SAÚDE - SES;FUNDAÇÃO EZEQUIEL DIAS - FUNED;PESSOAL ATIVO;DIREÇÃO SUPERIOR;1,00;
SECRETARIA DE ESTADO DE SAÚDE - SES;FUNDAÇÃO EZEQUIEL DIAS - FUNED;PESSOAL ATIVO;ESPECIALIZADA;284,00;
SECRETARIA DE ESTADO DE SAÚDE - SES;FUNDAÇÃO EZEQUIEL DIAS - FUNED;PESSOAL ATIVO;OUTRAS;100,00;
SECRETARIA DE ESTADO DE SAÚDE - SES;FUNDAÇÃO EZEQUIEL DIAS - FUNED;PESSOAL ATIVO;TÉCNICA;202,00;
SECRETARIA DE ESTADO DE SAÚDE - SES;FUNDAÇÃO HOSPITALAR DO ESTADO DE MINAS GERAIS - FHEMIG;PESSOAL ATIVO;ADMINISTRATIVA;4057,00;1406747915,00
SECRETARIA DE ESTADO DE SAÚDE - SES;FUNDAÇÃO HOSPITALAR DO ESTADO DE MINAS GERAIS - FHEMIG;PESSOAL ATIVO;DIREÇÃO E ASSESSORAMENTO;633,00;
SECRETARIA DE ESTADO DE SAÚDE - SES;FUNDAÇÃO HOSPITALAR DO ESTADO DE MINAS GERAIS - FHEMIG;PESSOAL ATIVO;DIREÇÃO SUPERIOR;2,00;
SECRETARIA DE ESTADO DE SAÚDE - SES;FUNDAÇÃO HOSPITALAR DO ESTADO DE MINAS GERAIS - FHEMIG;PESSOAL ATIVO;ESPECIALIZADA;4222,00;
SECRETARIA DE ESTADO DE SAÚDE - SES;FUNDAÇÃO HOSPITALAR DO ESTADO DE MINAS GERAIS - FHEMIG;PESSOAL ATIVO;OUTRAS;291,00;
SECRETARIA DE ESTADO DE SAÚDE - SES;FUNDAÇÃO HOSPITALAR DO ESTADO DE MINAS GERAIS - FHEMIG;PESSOAL ATIVO;TÉCNICA;5571,00;
SECRETARIA DE ESTADO DE DESENVOLVIMENTO SOCIAL - SEDESE;FUNDAÇÃO DE EDUCAÇÃO PARA O TRABALHO DE MINAS GERAIS - UTRAMIG;PESSOAL ATIVO;ADMINISTRATIVA;16,00;2507880,00
SECRETARIA DE ESTADO DE DESENVOLVIMENTO SOCIAL - SEDESE;FUNDAÇÃO DE EDUCAÇÃO PARA O TRABALHO DE MINAS GERAIS - UTRAMIG;PESSOAL ATIVO;DIREÇÃO E ASSESSORAMENTO;12,00;
SECRETARIA DE ESTADO DE DESENVOLVIMENTO SOCIAL - SEDESE;FUNDAÇÃO DE EDUCAÇÃO PARA O TRABALHO DE MINAS GERAIS - UTRAMIG;PESSOAL ATIVO;DIREÇÃO SUPERIOR;1,00;
SECRETARIA DE ESTADO DE DESENVOLVIMENTO SOCIAL - SEDESE;FUNDAÇÃO DE EDUCAÇÃO PARA O TRABALHO DE MINAS GERAIS - UTRAMIG;PESSOAL ATIVO;DOCENTE;2,00;
SECRETARIA DE ESTADO DE INFRAESTRUTURA, MOBILIDADE E PARCERIA - SEINFRA;DEPARTAMENTO DE ESTRADAS DE RODAGEM DO ESTADO DE MINAS GERAIS - DER-MG;PESSOAL ATIVO;ADMINISTRATIVA;421,00;140635765,00
SECRETARIA DE ESTADO DE INFRAESTRUTURA, MOBILIDADE E PARCERIA - SEINFRA;DEPARTAMENTO DE ESTRADAS DE RODAGEM DO ESTADO DE MINAS GERAIS - DER-MG;PESSOAL ATIVO;DIREÇÃO E ASSESSORAMENTO;199,00;
SECRETARIA DE ESTADO DE INFRAESTRUTURA, MOBILIDADE E PARCERIA - SEINFRA;DEPARTAMENTO DE ESTRADAS DE RODAGEM DO ESTADO DE MINAS GERAIS - DER-MG;PESSOAL ATIVO;DIREÇÃO SUPERIOR;2,00;
SECRETARIA DE ESTADO DE INFRAESTRUTURA, MOBILIDADE E PARCERIA - SEINFRA;DEPARTAMENTO DE ESTRADAS DE RODAGEM DO ESTADO DE MINAS GERAIS - DER-MG;PESSOAL ATIVO;ESPECIALIZADA;161,00;
SECRETARIA DE ESTADO DE INFRAESTRUTURA, MOBILIDADE E PARCERIA - SEINFRA;DEPARTAMENTO DE ESTRADAS DE RODAGEM DO ESTADO DE MINAS GERAIS - DER-MG;PESSOAL ATIVO;TÉCNICA;208,00;
SECRETARIA DE ESTADO DE EDUCAÇÃO - SEE;UNIVERSIDADE ESTADUAL DE MONTES CLAROS - UNIMONTES;PESSOAL ATIVO;DIREÇÃO E ASSESSORAMENTO;63,00;362920293,00
SECRETARIA DE ESTADO DE EDUCAÇÃO - SEE;UNIVERSIDADE ESTADUAL DE MONTES CLAROS - UNIMONTES;PESSOAL ATIVO;DIREÇÃO SUPERIOR;2,00;
SECRETARIA DE ESTADO DE EDUCAÇÃO - SEE;UNIVERSIDADE ESTADUAL DE MONTES CLAROS - UNIMONTES;PESSOAL ATIVO;DOCENTE;1111,00;
SECRETARIA DE ESTADO DE EDUCAÇÃO - SEE;UNIVERSIDADE ESTADUAL DE MONTES CLAROS - UNIMONTES;PESSOAL ATIVO;ESPECIALIZADA;379,00;
SECRETARIA DE ESTADO DE EDUCAÇÃO - SEE;UNIVERSIDADE ESTADUAL DE MONTES CLAROS - UNIMONTES;PESSOAL ATIVO;TÉCNICA;1033,00;
SECRETARIA DE ESTADO DE SAÚDE - SES;FUNDAÇÃO CENTRO DE HEMATOLOGIA E HEMOTERAPIA DE MINAS GERAIS - HEMOMINAS;PESSOAL ATIVO;ADMINISTRATIVA;65,00;192809892,00
SECRETARIA DE ESTADO DE SAÚDE - SES;FUNDAÇÃO CENTRO DE HEMATOLOGIA E HEMOTERAPIA DE MINAS GERAIS - HEMOMINAS;PESSOAL ATIVO;DIREÇÃO E ASSESSORAMENTO;229,00;
SECRETARIA DE ESTADO DE SAÚDE - SES;FUNDAÇÃO CENTRO DE HEMATOLOGIA E HEMOTERAPIA DE MINAS GERAIS - HEMOMINAS;PESSOAL ATIVO;DIREÇÃO SUPERIOR;1,00;
SECRETARIA DE ESTADO DE SAÚDE - SES;FUNDAÇÃO CENTRO DE HEMATOLOGIA E HEMOTERAPIA DE MINAS GERAIS - HEMOMINAS;PESSOAL ATIVO;ESPECIALIZADA;281,00;
SECRETARIA DE ESTADO DE SAÚDE - SES;FUNDAÇÃO CENTRO DE HEMATOLOGIA E HEMOTERAPIA DE MINAS GERAIS - HEMOMINAS;PESSOAL ATIVO;OUTRAS;307,00;
SECRETARIA DE ESTADO DE SAÚDE - SES;FUNDAÇÃO CENTRO DE HEMATOLOGIA E HEMOTERAPIA DE MINAS GERAIS - HEMOMINAS;PESSOAL ATIVO;TÉCNICA;722,00;
SECRETARIA DE ESTADO DE PLANEJAMENTO E GESTÃO - SEPLAG;INSTITUTO DE METROLOGIA E QUALIDADE DO ESTADO DE MINAS GERAIS - IPEMMG;PESSOAL ATIVO;ADMINISTRATIVA;10,00;14823839,00
SECRETARIA DE ESTADO DE PLANEJAMENTO E GESTÃO - SEPLAG;INSTITUTO DE METROLOGIA E QUALIDADE DO ESTADO DE MINAS GERAIS - IPEMMG;PESSOAL ATIVO;DIREÇÃO E ASSESSORAMENTO;22,00;
SECRETARIA DE ESTADO DE PLANEJAMENTO E GESTÃO - SEPLAG;INSTITUTO DE METROLOGIA E QUALIDADE DO ESTADO DE MINAS GERAIS - IPEMMG;PESSOAL ATIVO;DIREÇÃO SUPERIOR;3,00;
SECRETARIA DE ESTADO DE PLANEJAMENTO E GESTÃO - SEPLAG;INSTITUTO DE METROLOGIA E QUALIDADE DO ESTADO DE MINAS GERAIS - IPEMMG;PESSOAL ATIVO;TÉCNICA;86,00;
SECRETARIA DE ESTADO DE EDUCAÇÃO - SEE;UNIVERSIDADE DO ESTADO DE MINAS GERAIS - UEMG;PESSOAL ATIVO;ADMINISTRATIVA;183,00;279176598,00
SECRETARIA DE ESTADO DE EDUCAÇÃO - SEE;UNIVERSIDADE DO ESTADO DE MINAS GERAIS - UEMG;PESSOAL ATIVO;DIREÇÃO E ASSESSORAMENTO;21,00;
SECRETARIA DE ESTADO DE EDUCAÇÃO - SEE;UNIVERSIDADE DO ESTADO DE MINAS GERAIS - UEMG;PESSOAL ATIVO;DIREÇÃO SUPERIOR;7,00;
SECRETARIA DE ESTADO DE EDUCAÇÃO - SEE;UNIVERSIDADE DO ESTADO DE MINAS GERAIS - UEMG;PESSOAL ATIVO;DOCENTE;1696,00;
SECRETARIA DE ESTADO DE EDUCAÇÃO - SEE;UNIVERSIDADE DO ESTADO DE MINAS GERAIS - UEMG;PESSOAL ATIVO;ESPECIALIZADA;384,00;
ASSEMBLEIA LEGISLATIVA DO ESTADO DE MINAS GERAIS - ALMG;INSTITUTO DE PREVIDÊNCIA DO LEGISLATIVO DO ESTADO DE MINAS GERAIS - IPLEMG;PESSOAL ATIVO;ADMINISTRATIVA;10,00;1241000,00
ASSEMBLEIA LEGISLATIVA DO ESTADO DE MINAS GERAIS - ALMG;INSTITUTO DE PREVIDÊNCIA DO LEGISLATIVO DO ESTADO DE MINAS GERAIS - IPLEMG;PESSOAL ATIVO;DIREÇÃO E ASSESSORAMENTO;1,00;
ASSEMBLEIA LEGISLATIVA DO ESTADO DE MINAS GERAIS - ALMG;INSTITUTO DE PREVIDÊNCIA DO LEGISLATIVO DO ESTADO DE MINAS GERAIS - IPLEMG;PESSOAL ATIVO;DIREÇÃO SUPERIOR;4,00;
ASSEMBLEIA LEGISLATIVA DO ESTADO DE MINAS GERAIS - ALMG;INSTITUTO DE PREVIDÊNCIA DO LEGISLATIVO DO ESTADO DE MINAS GERAIS - IPLEMG;PESSOAL ATIVO;ESPECIALIZADA;1,00;
SECRETARIA DE ESTADO DE AGRICULTURA, PECUÁRIA E ABASTECIMENTO - SEAPA;INSTITUTO MINEIRO DE AGROPECUÁRIA - IMA;PESSOAL ATIVO;ADMINISTRATIVA;335,00;237198599,00
SECRETARIA DE ESTADO DE AGRICULTURA, PECUÁRIA E ABASTECIMENTO - SEAPA;INSTITUTO MINEIRO DE AGROPECUÁRIA - IMA;PESSOAL ATIVO;DIREÇÃO E ASSESSORAMENTO;34,00;
SECRETARIA DE ESTADO DE AGRICULTURA, PECUÁRIA E ABASTECIMENTO - SEAPA;INSTITUTO MINEIRO DE AGROPECUÁRIA - IMA;PESSOAL ATIVO;DIREÇÃO SUPERIOR;4,00;
SECRETARIA DE ESTADO DE AGRICULTURA, PECUÁRIA E ABASTECIMENTO - SEAPA;INSTITUTO MINEIRO DE AGROPECUÁRIA - IMA;PESSOAL ATIVO;ESPECIALIZADA;11,00;
SECRETARIA DE ESTADO DE AGRICULTURA, PECUÁRIA E ABASTECIMENTO - SEAPA;INSTITUTO MINEIRO DE AGROPECUÁRIA - IMA;PESSOAL ATIVO;TÉCNICA;909,00;
SECRETARIA DE ESTADO DE DESENVOLVIMENTO SOCIAL - SEDESE;INSTITUTO DE DESENVOLVIMENTO DO NORTE E NORDESTE DE MINAS GERAIS - IDENE;PESSOAL ATIVO;ADMINISTRATIVA;83,00;8973304,00
SECRETARIA DE ESTADO DE DESENVOLVIMENTO SOCIAL - SEDESE;INSTITUTO DE DESENVOLVIMENTO DO NORTE E NORDESTE DE MINAS GERAIS - IDENE;PESSOAL ATIVO;DIREÇÃO E ASSESSORAMENTO;17,00;
SECRETARIA DE ESTADO DE DESENVOLVIMENTO SOCIAL - SEDESE;INSTITUTO DE DESENVOLVIMENTO DO NORTE E NORDESTE DE MINAS GERAIS - IDENE;PESSOAL ATIVO;DIREÇÃO SUPERIOR;7,00;
SECRETARIA DE ESTADO DE INFRAESTRUTURA, MOBILIDADE E PARCERIA - SEINFRA;AGÊNCIA DE DESENVOLVIMENTO DA REGIÃO METROPOLITANA DE BELO HORIZONTE - AGÊNCIA RMBH;PESSOAL ATIVO;ADMINISTRATIVA;26,00;4082498,00
SECRETARIA DE ESTADO DE INFRAESTRUTURA, MOBILIDADE E PARCERIA - SEINFRA;AGÊNCIA DE DESENVOLVIMENTO DA REGIÃO METROPOLITANA DE BELO HORIZONTE - AGÊNCIA RMBH;PESSOAL ATIVO;DIREÇÃO E ASSESSORAMENTO;6,00;
SECRETARIA DE ESTADO DE INFRAESTRUTURA, MOBILIDADE E PARCERIA - SEINFRA;AGÊNCIA DE DESENVOLVIMENTO DA REGIÃO METROPOLITANA DE BELO HORIZONTE - AGÊNCIA RMBH;PESSOAL ATIVO;DIREÇÃO SUPERIOR;1,00;
SECRETARIA DE ESTADO DE MEIO AMBIENTE E DESENVOLVIMENTO SUSTENTÁVEL - SEMAD;AGÊNCIA REGULADORA DE SERVIÇOS DE ABASTECIMENTO DE ÁGUA E DE ESGOTAMENTO SANITÁRIO DO ESTADO DE MINAS GERAIS - ARSAE -MG;PESSOAL ATIVO;DIREÇÃO E ASSESSORAMENTO;47,00;15937934,00
SECRETARIA DE ESTADO DE MEIO AMBIENTE E DESENVOLVIMENTO SUSTENTÁVEL - SEMAD;AGÊNCIA REGULADORA DE SERVIÇOS DE ABASTECIMENTO DE ÁGUA E DE ESGOTAMENTO SANITÁRIO DO ESTADO DE MINAS GERAIS - ARSAE -MG;PESSOAL ATIVO;ESPECIALIZADA;28,00;
SECRETARIA DE ESTADO DE INFRAESTRUTURA, MOBILIDADE E PARCERIA - SEINFRA;AGÊNCIA DE DESENVOLVIMENTO DA REGIÃO METROPOLITANA DO VALE DO AÇO - ARMVA;PESSOAL ATIVO;DIREÇÃO E ASSESSORAMENTO;14,00;2143140,00
SECRETARIA DE ESTADO DE INFRAESTRUTURA, MOBILIDADE E PARCERIA - SEINFRA;AGÊNCIA DE DESENVOLVIMENTO DA REGIÃO METROPOLITANA DO VALE DO AÇO - ARMVA;PESSOAL ATIVO;DIREÇÃO SUPERIOR;1,00;
SECRETARIA DE ESTADO DE INFRAESTRUTURA, MOBILIDADE E PARCERIA - SEINFRA;AGÊNCIA REGULADORA DE TRANSPORTES DO ESTADO DE MINAS GERAIS - ARTEMIG;PESSOAL ATIVO;ADMINISTRATIVA;2,00;6117900,00
SECRETARIA DE ESTADO DE INFRAESTRUTURA, MOBILIDADE E PARCERIA - SEINFRA;AGÊNCIA REGULADORA DE TRANSPORTES DO ESTADO DE MINAS GERAIS - ARTEMIG;PESSOAL ATIVO;DIREÇÃO E ASSESSORAMENTO;12,00;
SECRETARIA DE ESTADO DE INFRAESTRUTURA, MOBILIDADE E PARCERIA - SEINFRA;AGÊNCIA REGULADORA DE TRANSPORTES DO ESTADO DE MINAS GERAIS - ARTEMIG;PESSOAL ATIVO;DIREÇÃO SUPERIOR;4,00;
SECRETARIA DE ESTADO DE INFRAESTRUTURA, MOBILIDADE E PARCERIA - SEINFRA;AGÊNCIA REGULADORA DE TRANSPORTES DO ESTADO DE MINAS GERAIS - ARTEMIG;PESSOAL ATIVO;ESPECIALIZADA;20,00;
SECRETARIA DE ESTADO DE AGRICULTURA, PECUÁRIA E ABASTECIMENTO - SEAPA;EMPRESA DE ASSISTÊNCIA TÉCNICA E EXTENSÃO RURAL DO ESTADO DE MINAS GERAIS - EMATER;PESSOAL ATIVO;ADMINISTRATIVA;328,00;290066646,00
SECRETARIA DE ESTADO DE AGRICULTURA, PECUÁRIA E ABASTECIMENTO - SEAPA;EMPRESA DE ASSISTÊNCIA TÉCNICA E EXTENSÃO RURAL DO ESTADO DE MINAS GERAIS - EMATER;PESSOAL ATIVO;DIREÇÃO E ASSESSORAMENTO;40,00;
SECRETARIA DE ESTADO DE AGRICULTURA, PECUÁRIA E ABASTECIMENTO - SEAPA;EMPRESA DE ASSISTÊNCIA TÉCNICA E EXTENSÃO RURAL DO ESTADO DE MINAS GERAIS - EMATER;PESSOAL ATIVO;DIREÇÃO SUPERIOR;5,00;
SECRETARIA DE ESTADO DE AGRICULTURA, PECUÁRIA E ABASTECIMENTO - SEAPA;EMPRESA DE ASSISTÊNCIA TÉCNICA E EXTENSÃO RURAL DO ESTADO DE MINAS GERAIS - EMATER;PESSOAL ATIVO;ESPECIALIZADA;887,00;
SECRETARIA DE ESTADO DE AGRICULTURA, PECUÁRIA E ABASTECIMENTO - SEAPA;EMPRESA DE ASSISTÊNCIA TÉCNICA E EXTENSÃO RURAL DO ESTADO DE MINAS GERAIS - EMATER;PESSOAL ATIVO;TÉCNICA;448,00;
SECRETARIA DE ESTADO DE AGRICULTURA, PECUÁRIA E ABASTECIMENTO - SEAPA;EMPRESA DE PESQUISA AGROPECUÁRIA DE MINAS GERAIS - EPAMIG;PESSOAL ATIVO;ADMINISTRATIVA;115,00;115774589,00
SECRETARIA DE ESTADO DE AGRICULTURA, PECUÁRIA E ABASTECIMENTO - SEAPA;EMPRESA DE PESQUISA AGROPECUÁRIA DE MINAS GERAIS - EPAMIG;PESSOAL ATIVO;ESPECIALIZADA;291,00;
SECRETARIA DE ESTADO DE AGRICULTURA, PECUÁRIA E ABASTECIMENTO - SEAPA;EMPRESA DE PESQUISA AGROPECUÁRIA DE MINAS GERAIS - EPAMIG;PESSOAL ATIVO;OUTRAS;189,00;
SECRETARIA DE ESTADO DE AGRICULTURA, PECUÁRIA E ABASTECIMENTO - SEAPA;EMPRESA DE PESQUISA AGROPECUÁRIA DE MINAS GERAIS - EPAMIG;PESSOAL ATIVO;TÉCNICA;44,00;
SECRETARIA DE ESTADO DE COMUNICAÇÃO SOCIAL - SECOM;EMPRESA MINEIRA DE COMUNICAÇÃO - EMC;PESSOAL ATIVO;ADMINISTRATIVA;30,00;16730326,00
SECRETARIA DE ESTADO DE COMUNICAÇÃO SOCIAL - SECOM;EMPRESA MINEIRA DE COMUNICAÇÃO - EMC;PESSOAL ATIVO;DIREÇÃO E ASSESSORAMENTO;16,00;
SECRETARIA DE ESTADO DE COMUNICAÇÃO SOCIAL - SECOM;EMPRESA MINEIRA DE COMUNICAÇÃO - EMC;PESSOAL ATIVO;DIREÇÃO SUPERIOR;7,00;
SECRETARIA DE ESTADO DE COMUNICAÇÃO SOCIAL - SECOM;EMPRESA MINEIRA DE COMUNICAÇÃO - EMC;PESSOAL ATIVO;ESPECIALIZADA;56,00;
SECRETARIA DE ESTADO DE COMUNICAÇÃO SOCIAL - SECOM;EMPRESA MINEIRA DE COMUNICAÇÃO - EMC;PESSOAL ATIVO;TÉCNICA;37,00;
SECRETARIA DE ESTADO DE SAÚDE - SES;FUNDO ESTADUAL DE SAÚDE - FES;PESSOAL ATIVO;ADMINISTRATIVA;949,00;422746677,00
SECRETARIA DE ESTADO DE SAÚDE - SES;FUNDO ESTADUAL DE SAÚDE - FES;PESSOAL ATIVO;DIREÇÃO E ASSESSORAMENTO;84,00;
SECRETARIA DE ESTADO DE SAÚDE - SES;FUNDO ESTADUAL DE SAÚDE - FES;PESSOAL ATIVO;DIREÇÃO SUPERIOR;10,00;
SECRETARIA DE ESTADO DE SAÚDE - SES;FUNDO ESTADUAL DE SAÚDE - FES;PESSOAL ATIVO;ESPECIALIZADA;1925,00;
SECRETARIA DE ESTADO DE SAÚDE - SES;FUNDO ESTADUAL DE SAÚDE - FES;PESSOAL ATIVO;OUTRAS;449,00;
SECRETARIA DE ESTADO DE SAÚDE - SES;FUNDO ESTADUAL DE SAÚDE - FES;PESSOAL ATIVO;TÉCNICA;250,00;
