funcao;subfuncao;programa;especificacao;ordinarios;vinculados;arrecadados;total;nivel
1;;;LEGISLATIVA;2586512376,00;0,00;104970826,00;2691483202,00;2
1;31;;AÇÃO LEGISLATIVA;1662801733,00;0,00;24896769,00;1687698502,00;3
1;31;729;PROCESSO LEGISLATIVO;1662801733,00;0,00;24896769,00;1687698502,00;4
1;32;;CONTROLE EXTERNO;762156049,00;0,00;12000000,00;774156049,00;3
1;32;705;APOIO ÀS POLÍTICAS PÚBLICAS;74343439,00;0,00;12000000,00;86343439,00;4
1;32;746;CONTROLE EXTERNO DA GESTÃO DOS RECURSOS PÚBLICOS;687812610,00;0,00;0,00;687812610,00;4
1;122;;ADMINISTRAÇÃO GERAL;152092401,00;0,00;64874057,00;216966458,00;3
1;122;98;MODERNIZAÇÃO INSTITUCIONAL;0,00;0,00;1000,00;1000,00;4
1;122;704;MODERNIZAÇÃO INSTITUCIONAL;0,00;0,00;6992000,00;6992000,00;4
1;122;705;APOIO ÀS POLÍTICAS PÚBLICAS;0,00;0,00;7336057,00;7336057,00;4
1;122;746;CONTROLE EXTERNO DA GESTÃO DOS RECURSOS PÚBLICOS;152092401,00;0,00;50545000,00;202637401,00;4
1;128;;FORMAÇÃO DE RECURSOS HUMANOS;9462193,00;0,00;3200000,00;12662193,00;3
1;128;760;CAPACITAÇÃO E ORIENTAÇÃO PARA MELHORAR A GESTÃO DOS RECURSOS PÚBLICOS;9462193,00;0,00;3200000,00;12662193,00;4
2;;;JUDICIÁRIA;9022144591,00;2419128950,00;1536858653,00;12978132194,00;2
2;61;;AÇÃO JUDICIÁRIA;35455568,00;2412878950,00;1310411042,00;3758745560,00;3
2;61;706;PRESTAÇÃO JURISDICIONAL;0,00;2412878950,00;1308211042,00;3721089992,00;4
2;61;734;PRESTAÇÃO JURISDICIONAL MILITAR;35455568,00;0,00;2200000,00;37655568,00;4
2;122;;ADMINISTRAÇÃO GERAL;8986689023,00;0,00;226447611,00;9213136634,00;3
2;122;706;PRESTAÇÃO JURISDICIONAL;8883063128,00;0,00;226447611,00;9109510739,00;4
2;122;734;PRESTAÇÃO JURISDICIONAL MILITAR;103625895,00;0,00;0,00;103625895,00;4
2;128;;FORMAÇÃO DE RECURSOS HUMANOS;0,00;6250000,00;0,00;6250000,00;3
2;128;706;PRESTAÇÃO JURISDICIONAL;0,00;6250000,00;0,00;6250000,00;4
3;;;ESSENCIAL À JUSTIÇA;5002165207,00;196696000,00;272010323,00;5470871530,00;2
3;61;;AÇÃO JUDICIÁRIA;0,00;50000,00;70000000,00;70050000,00;3
3;61;738;PROTEÇÃO E DEFESA DO CONSUMIDOR;0,00;50000,00;70000000,00;70050000,00;4
3;62;;DEFESA DO INTERESSE PÚBLICO NO PROCESSO JUDICIÁRIO;1628000000,00;6415000,00;23315000,00;1657730000,00;3
3;62;703;PROCESSO JUDICIÁRIO;1606039025,00;1915000,00;23315000,00;1631269025,00;4
3;62;714;AQUISIÇÃO, CONSTRUÇÃO, REPAROS DE BENS IMÓVEIS;21960975,00;4500000,00;0,00;26460975,00;4
3;92;;REPRESENTAÇÃO JUDICIAL E EXTRAJUDICIAL;1034874731,00;96500000,00;27754323,00;1159129054,00;3
3;92;43;DESJUDICIALIZA MINAS;349584,00;0,00;0,00;349584,00;4
3;92;44;REPRESENTAÇÃO JURÍDICA DO ESTADO E ENTIDADES;22761427,00;500000,00;0,00;23261427,00;4
3;92;79;MODERNIZAÇÃO E APRIMORAMENTO INSTITUCIONAL;0,00;6000000,00;0,00;6000000,00;4
3;92;726;ACESSO À JUSTIÇA;1011763720,00;90000000,00;27754323,00;1129518043,00;4
3;122;;ADMINISTRAÇÃO GERAL;2338890476,00;93731000,00;150941000,00;2583562476,00;3
3;122;703;PROCESSO JUDICIÁRIO;1933172255,00;93080000,00;90941000,00;2117193255,00;4
3;122;705;APOIO ÀS POLÍTICAS PÚBLICAS;405718221,00;601000,00;0,00;406319221,00;4
3;122;737;MODERNIZAÇÃO INSTITUCIONAL;0,00;50000,00;60000000,00;60050000,00;4
3;128;;FORMAÇÃO DE RECURSOS HUMANOS;400000,00;0,00;0,00;400000,00;3
3;128;726;ACESSO À JUSTIÇA;400000,00;0,00;0,00;400000,00;4
4;;;ADMINISTRAÇÃO;4961001391,00;1546758332,00;116718223,00;6624477946,00;2
4;121;;PLANEJAMENTO E ORÇAMENTO;8107764,00;2000,00;2072591,00;10182355,00;3
4;121;95;ASSESSORIA E PESQUISA EM POLÍTICAS PÚBLICAS;1556833,00;0,00;703529,00;2260362,00;4
4;121;96;PRODUÇÃO DE ESTATÍSTICAS E INFORMAÇÕES;1110346,00;2000,00;1369062,00;2481408,00;4
4;121;131;ARTICULAÇÃO INTERFEDERATIVA, ATRAÇÃO DE INVESTIMENTOS, CAPTAÇÃO E TRANSFERÊNCIA DE RECURSOS E PARCERIAS;1617237,00;0,00;0,00;1617237,00;4
4;121;157;GESTÃO DO PLANEJAMENTO ORÇAMENTÁRIO GOVERNAMENTAL;3823348,00;0,00;0,00;3823348,00;4
4;122;;ADMINISTRAÇÃO GERAL;3568119645,00;140446331,00;14218747,00;3722784723,00;3
4;122;5;PROGRAMA MINEIRO DE ACESSIBILIDADE, INCLUSÃO E SAÚDE (PROMAIS);6456,00;0,00;0,00;6456,00;4
4;122;11;ASSESSORAMENTO TÉCNICO E ADMINISTRATIVO AO GOVERNADOR E VICE-GOVERNADOR;806105,00;0,00;0,00;806105,00;4
4;122;38;TESOURO RESPONSÁVEL E TRANSPARENTE;219604,00;0,00;0,00;219604,00;4
4;122;49;ADMINISTRAÇÃO DOS PRÉDIOS GOVERNAMENTAIS;5451914,00;0,00;0,00;5451914,00;4
4;122;83;POLÍTICAS DE PROMOÇÃO AO DESENVOLVIMENTO SOCIAL NO CONTEXTO RURAL - PERCURSOS GERAIS: TRAJETÓRIA PARA AUTONOMIA;0,00;1207693,00;0,00;1207693,00;4
4;122;84;POLÍTICAS DE INTEGRAÇÃO, REGIONALIZAÇÃO E INOVAÇÃO;165637,00;319366,00;0,00;485003,00;4
4;122;104;ENFRENTAMENTO À VULNERABILIDADE NOS TERRITÓRIOS DE ATUAÇÃO DA FUCAM;1338734,00;0,00;0,00;1338734,00;4
4;122;115;GESTÃO DO PROCESSO LEGISLATIVO ESTADUAL SOB A RESPONSABILIDADE DO PODER EXECUTIVO;774642,00;0,00;0,00;774642,00;4
4;122;119;APOIO AO DESENVOLVIMENTO MUNICIPAL E À COORDENAÇÃO DAS TRANSFERÊNCIAS ESTADUAIS DE RECURSOS FINANCEIROS;961602912,00;0,00;0,00;961602912,00;4
4;122;120;PRODUÇÃO E VEICULAÇÃO DO DIÁRIO OFICIAL ELETRÔNICO MINAS GERAIS;1465375,00;0,00;0,00;1465375,00;4
4;122;122;FORTALECIMENTO DA GESTÃO DAS TRANSFERÊNCIAS ESTADUAIS;16049432,00;0,00;0,00;16049432,00;4
4;122;131;ARTICULAÇÃO INTERFEDERATIVA, ATRAÇÃO DE INVESTIMENTOS, CAPTAÇÃO E TRANSFERÊNCIA DE RECURSOS E PARCERIAS;807584,00;0,00;0,00;807584,00;4
4;122;133;MINAS GERAÇÃO DE VALOR;1000,00;0,00;0,00;1000,00;4
4;122;147;GESTÃO DE PESSOAS;54097192,00;0,00;49776,00;54146968,00;4
4;122;148;APOIO ÀS POLÍTICAS DE DESENVOLVIMENTO SOCIAL;10818867,00;5634602,00;0,00;16453469,00;4
4;122;149;TRANSFORMAÇÃO DIGITAL E ATENDIMENTO AO CIDADÃO;47709403,00;0,00;1500000,00;49209403,00;4
4;122;151;PROMOÇÃO DA INOVAÇÃO E DA GESTÃO ESTRATÉGICA;1865081,00;0,00;0,00;1865081,00;4
4;122;155;REPARAÇÃO DOS DANOS DOS ROMPIMENTOS EM BRUMADINHO E MARIANA;0,00;16390279,00;0,00;16390279,00;4
4;122;156;GESTÃO DA CIDADE ADMINISTRATIVA;153381138,00;7380208,00;8998386,00;169759732,00;4
4;122;159;CENTRALIZAÇÃO DO PROCESSAMENTO DE COMPRAS PÚBLICAS;11389639,00;0,00;0,00;11389639,00;4
4;122;160;MELHORIA DA GESTÃO LOGÍSTICA E PATRIMONIAL;64495094,00;221046,00;1670585,00;66386725,00;4
4;122;161;GESTÃO DE TRÂNSITO;99959760,00;94363983,00;0,00;194323743,00;4
4;122;705;APOIO ÀS POLÍTICAS PÚBLICAS;2135714076,00;14929154,00;2000000,00;2152643230,00;4
4;123;;ADMINISTRAÇÃO FINANCEIRA;68041075,00;38180626,00;0,00;106221701,00;3
4;123;38;TESOURO RESPONSÁVEL E TRANSPARENTE;53123770,00;38180626,00;0,00;91304396,00;4
4;123;125;POLÍTICA DE REGULARIZAÇÃO FUNDIÁRIA E DE GESTÃO DE IMÓVEIS;5818477,00;0,00;0,00;5818477,00;4
4;123;133;MINAS GERAÇÃO DE VALOR;25483,00;0,00;0,00;25483,00;4
4;123;705;APOIO ÀS POLÍTICAS PÚBLICAS;9073345,00;0,00;0,00;9073345,00;4
4;124;;CONTROLE INTERNO;2278523,00;135852,00;0,00;2414375,00;3
4;124;1;MINAS ÍNTEGRA E TRANSPARENTE;1378819,00;0,00;0,00;1378819,00;4
4;124;2;AUDITORIA INTERNA PARA O FUTURO;312194,00;0,00;0,00;312194,00;4
4;124;3;ENFRENTAMENTO DA CORRUPÇÃO E RECUPERAÇÃO DE ATIVOS;353267,00;0,00;0,00;353267,00;4
4;124;4;CGE INTEGRADA E EFICIENTE;234243,00;135852,00;0,00;370095,00;4
4;125;;NORMATIZAÇÃO E FISCALIZAÇÃO;205310357,00;27250683,00;0,00;232561040,00;3
4;125;132;MINAS EMPREENDEDORA: ESTADO MAIS SIMPLES E LIVRE PARA SE EMPREENDER;964177,00;122073,00;0,00;1086250,00;4
4;125;161;GESTÃO DE TRÂNSITO;204346180,00;27128610,00;0,00;231474790,00;4
4;126;;TECNOLOGIA DA INFORMAÇÃO;159954728,00;43518676,00;0,00;203473404,00;3
4;126;4;CGE INTEGRADA E EFICIENTE;78364,00;0,00;0,00;78364,00;4
4;126;33;GESTÃO DA INFORMAÇÃO COM USO DE TECNOLOGIA E COMUNICAÇÃO;148015969,00;38409376,00;0,00;186425345,00;4
4;126;149;TRANSFORMAÇÃO DIGITAL E ATENDIMENTO AO CIDADÃO;11859395,00;5109300,00;0,00;16968695,00;4
4;126;705;APOIO ÀS POLÍTICAS PÚBLICAS;1000,00;0,00;0,00;1000,00;4
4;127;;ORDENAMENTO TERRITORIAL;838943,00;47501208,00;0,00;48340151,00;3
4;127;125;POLÍTICA DE REGULARIZAÇÃO FUNDIÁRIA E DE GESTÃO DE IMÓVEIS;838943,00;47501208,00;0,00;48340151,00;4
4;128;;FORMAÇÃO DE RECURSOS HUMANOS;0,00;1415071,00;0,00;1415071,00;3
4;128;84;POLÍTICAS DE INTEGRAÇÃO, REGIONALIZAÇÃO E INOVAÇÃO;0,00;1415071,00;0,00;1415071,00;4
4;129;;ADMINISTRAÇÃO DE RECEITAS;33553875,00;13198575,00;1000,00;46753450,00;3
4;129;20;FOMENTO E INCENTIVO DE INVESTIMENTOS;1000,00;0,00;0,00;1000,00;4
4;129;45;RECEITA ESTADUAL DIGITAL, EFICIENTE, MODERNIZADA E MAIS JUSTA;33472341,00;13198575,00;0,00;46670916,00;4
4;129;125;POLÍTICA DE REGULARIZAÇÃO FUNDIÁRIA E DE GESTÃO DE IMÓVEIS;80534,00;0,00;1000,00;81534,00;4
4;130;;ADMINISTRAÇÃO DE CONCESSÕES;560798147,00;1235109310,00;100425885,00;1896333342,00;3
4;130;85;PROMOÇÃO DE CONCESSÕES E PARCERIAS;551138147,00;1235109310,00;60788935,00;1847036392,00;4
4;130;123;PROMOÇÃO DE CONCESSÕES E PARCERIAS;9660000,00;0,00;39636950,00;49296950,00;4
4;131;;COMUNICAÇÃO SOCIAL;139261677,00;0,00;0,00;139261677,00;3
4;131;18;COMUNICAÇÃO INSTITUCIONAL E DE UTILIDADE PÚBLICA;129615886,00;0,00;0,00;129615886,00;4
4;131;109;GESTÃO DE CERIMONIAL E EVENTOS;9645791,00;0,00;0,00;9645791,00;4
4;274;;PREVIDÊNCIA ESPECIAL;214736657,00;0,00;0,00;214736657,00;3
4;274;705;APOIO ÀS POLÍTICAS PÚBLICAS;214736657,00;0,00;0,00;214736657,00;4
6;;;SEGURANÇA PÚBLICA;25280231524,00;2635522685,00;894364838,00;28810119047,00;2
6;122;;ADMINISTRAÇÃO GERAL;5862977171,00;1120960226,00;5168157,00;6989105554,00;3
6;122;705;APOIO ÀS POLÍTICAS PÚBLICAS;5862977171,00;1120960226,00;5168157,00;6989105554,00;4
6;123;;ADMINISTRAÇÃO FINANCEIRA;0,00;61837092,00;0,00;61837092,00;3
6;123;134;GESTÃO INTEGRADA DE SEGURANÇA PÚBLICA;0,00;61837092,00;0,00;61837092,00;4
6;128;;FORMAÇÃO DE RECURSOS HUMANOS;72168507,00;100000,00;2094122,00;74362629,00;3
6;128;37;VALORIZAÇÃO E SAÚDE DO SERVIDOR;2737937,00;0,00;0,00;2737937,00;4
6;128;52;PROMOÇÃO DE DEFESA CIVIL;69430570,00;100000,00;2094122,00;71624692,00;4
6;130;;ADMINISTRAÇÃO DE CONCESSÕES;1000,00;0,00;0,00;1000,00;3
6;130;85;PROMOÇÃO DE CONCESSÕES E PARCERIAS;1000,00;0,00;0,00;1000,00;4
6;181;;POLICIAMENTO;7244330332,00;541497504,00;2014322,00;7787842158,00;3
6;181;32;INVESTIGAÇÃO;186197550,00;13324383,00;0,00;199521933,00;4
6;181;46;SUPORTE AÉREO AOS SERVIÇOS PÚBLICOS ESTADUAIS;67511866,00;3400000,00;1936,00;70913802,00;4
6;181;134;GESTÃO INTEGRADA DE SEGURANÇA PÚBLICA;55912170,00;1139003,00;0,00;57051173,00;4
6;181;135;PROTEÇÃO SOCIAL DOS MILITARES;68557,00;0,00;0,00;68557,00;4
6;181;137;POLÍCIA OSTENSIVA;6934640189,00;523634118,00;2012386,00;7460286693,00;4
6;182;;DEFESA CIVIL;1187523678,00;51959446,00;0,00;1239483124,00;3
6;182;47;SUPORTE ÀS AÇÕES DE COMBATE E RESPOSTA AOS DANOS CAUSADOS PELAS CHUVAS;3338482,00;80000,00;0,00;3418482,00;4
6;182;48;PROTEÇÃO E DEFESA CIVIL;2985906,00;130000,00;0,00;3115906,00;4
6;182;52;PROMOÇÃO DE DEFESA CIVIL;1177778787,00;31947446,00;0,00;1209726233,00;4
6;182;101;PROGRAMA ENCONTRO DAS ÁGUAS;3419503,00;19802000,00;0,00;23221503,00;4
6;182;705;APOIO ÀS POLÍTICAS PÚBLICAS;1000,00;0,00;0,00;1000,00;4
6;183;;INFORMAÇÃO E INTELIGÊNCIA;34063794,00;0,00;0,00;34063794,00;3
6;183;36;IDENTIFICAÇÃO CIVIL E CRIMINAL;29544660,00;0,00;0,00;29544660,00;4
6;183;50;SEGURANÇA E INTELIGÊNCIA GOVERNAMENTAL;4345985,00;0,00;0,00;4345985,00;4
6;183;134;GESTÃO INTEGRADA DE SEGURANÇA PÚBLICA;173149,00;0,00;0,00;173149,00;4
6;243;;ASSISTÊNCIA À CRIANÇA E AO ADOLESCENTE;26839079,00;29500000,00;0,00;56339079,00;3
6;243;146;PROMOÇÃO DA POLÍTICA SOCIOEDUCATIVA PARA ATENDIMENTO AOS ADOLESCENTES EM CONFLITO COM A LEI;26839079,00;29500000,00;0,00;56339079,00;4
6;272;;PREVIDÊNCIA DO REGIME ESTATUTÁRIO;10718167371,00;738497312,00;0,00;11456664683,00;3
6;272;705;APOIO ÀS POLÍTICAS PÚBLICAS;10718167371,00;738497312,00;0,00;11456664683,00;4
6;331;;PROTEÇÃO E BENEFÍCIOS AO TRABALHADOR;88959,00;0,00;0,00;88959,00;3
6;331;134;GESTÃO INTEGRADA DE SEGURANÇA PÚBLICA;88959,00;0,00;0,00;88959,00;4
6;363;;ENSINO PROFISSIONAL;3245315,00;0,00;0,00;3245315,00;3
6;363;134;GESTÃO INTEGRADA DE SEGURANÇA PÚBLICA;3245315,00;0,00;0,00;3245315,00;4
6;421;;CUSTÓDIA E REINTEGRAÇÃO SOCIAL;59052822,00;90471105,00;885088237,00;1034612164,00;3
6;421;128;PROGRAMA DE APOIO A AMPLIAÇÃO E A MELHORIA DOS SISTEMAS PRISIONAL E SOCIOEDUCATIVO;0,00;27155347,00;0,00;27155347,00;4
6;421;129;PREVENÇÃO À CRIMINALIDADE;9700083,00;3117498,00;41865210,00;54682791,00;4
6;421;130;INFRAESTRUTURA DO SISTEMA PRISIONAL;49352739,00;60198260,00;843223027,00;952774026,00;4
6;422;;DIREITOS INDIVIDUAIS, COLETIVOS E DIFUSOS;58794425,00;700000,00;0,00;59494425,00;3
6;422;36;IDENTIFICAÇÃO CIVIL E CRIMINAL;51519071,00;700000,00;0,00;52219071,00;4
6;422;141;POLÍTICAS SOBRE DROGAS;7275354,00;0,00;0,00;7275354,00;4
6;781;;TRANSPORTE AÉREO;8615267,00;0,00;0,00;8615267,00;3
6;781;46;SUPORTE AÉREO AOS SERVIÇOS PÚBLICOS ESTADUAIS;8615267,00;0,00;0,00;8615267,00;4
6;782;;TRANSPORTE RODOVIÁRIO;4363804,00;0,00;0,00;4363804,00;3
6;782;34;SUPORTE ÀS AÇÕES DE TRANSPORTE RODOVIÁRIO;4363804,00;0,00;0,00;4363804,00;4
7;;;RELAÇÕES EXTERIORES;623560,00;0,00;0,00;623560,00;2
7;212;;COOPERAÇÃO INTERNACIONAL;623560,00;0,00;0,00;623560,00;3
7;212;131;ARTICULAÇÃO INTERFEDERATIVA, ATRAÇÃO DE INVESTIMENTOS, CAPTAÇÃO E TRANSFERÊNCIA DE RECURSOS E PARCERIAS;623560,00;0,00;0,00;623560,00;4
8;;;ASSISTÊNCIA SOCIAL;8356990,00;217949694,00;1200000,00;227506684,00;2
8;182;;DEFESA CIVIL;1000,00;0,00;0,00;1000,00;3
8;182;47;SUPORTE ÀS AÇÕES DE COMBATE E RESPOSTA AOS DANOS CAUSADOS PELAS CHUVAS;1000,00;0,00;0,00;1000,00;4
8;242;;ASSISTÊNCIA AO PORTADOR DE DEFICIÊNCIA;0,00;240000,00;0,00;240000,00;3
8;242;71;FORTALECIMENTO DO SISTEMA ÚNICO DE ASSISTÊNCIA SOCIAL - SUAS;0,00;240000,00;0,00;240000,00;4
8;244;;ASSISTÊNCIA COMUNITÁRIA;1000000,00;209660271,00;1200000,00;211860271,00;3
8;244;71;FORTALECIMENTO DO SISTEMA ÚNICO DE ASSISTÊNCIA SOCIAL - SUAS;1000000,00;209659271,00;0,00;210659271,00;4
8;244;83;POLÍTICAS DE PROMOÇÃO AO DESENVOLVIMENTO SOCIAL NO CONTEXTO RURAL - PERCURSOS GERAIS: TRAJETÓRIA PARA AUTONOMIA;0,00;1000,00;0,00;1000,00;4
8;244;138;CONCESSÃO DE AUXÍLIO FINANCEIRO, SEGURO E PECÚLIO;0,00;0,00;1200000,00;1200000,00;4
8;511;;SANEAMENTO BÁSICO RURAL;0,00;1000,00;0,00;1000,00;3
8;511;56;DESENVOLVIMENTO DA INFRAESTRUTURA DO NORTE E NORDESTE DE MINAS GERAIS;0,00;1000,00;0,00;1000,00;4
8;544;;RECURSOS HÍDRICOS;7355990,00;8048423,00;0,00;15404413,00;3
8;544;101;PROGRAMA ENCONTRO DAS ÁGUAS;7355990,00;8048423,00;0,00;15404413,00;4
9;;;PREVIDÊNCIA SOCIAL;14456487354,00;13707600600,00;478025351,00;28642113305,00;2
9;122;;ADMINISTRAÇÃO GERAL;0,00;53873918,00;246466,00;54120384,00;3
9;122;705;APOIO ÀS POLÍTICAS PÚBLICAS;0,00;53873918,00;246466,00;54120384,00;4
9;272;;PREVIDÊNCIA DO REGIME ESTATUTÁRIO;14456487354,00;13653726682,00;375922278,00;28486136314,00;3
9;272;8;PRESTAÇÃO DE SERVIÇOS PREVIDENCIÁRIOS;0,00;31217964,00;1070074,00;32288038,00;4
9;272;138;CONCESSÃO DE AUXÍLIO FINANCEIRO, SEGURO E PECÚLIO;34326424,00;91711002,00;0,00;126037426,00;4
9;272;705;APOIO ÀS POLÍTICAS PÚBLICAS;14422160930,00;13530797716,00;374852204,00;28327810850,00;4
9;274;;PREVIDÊNCIA ESPECIAL;0,00;0,00;101856607,00;101856607,00;3
9;274;705;APOIO ÀS POLÍTICAS PÚBLICAS;0,00;0,00;76457271,00;76457271,00;4
9;274;766;BENEFÍCIOS ASSISTENCIAIS;0,00;0,00;6395180,00;6395180,00;4
9;274;767;RESERVA DE BENEFÍCIOS;0,00;0,00;19004156,00;19004156,00;4
10;;;SAÚDE;16258934943,00;3928168448,00;349143736,00;20536247127,00;2
10;61;;AÇÃO JUDICIÁRIA;717096132,00;0,00;0,00;717096132,00;3
10;61;62;ACESSO A SERVIÇOS DE SAÚDE;717096132,00;0,00;0,00;717096132,00;4
10;122;;ADMINISTRAÇÃO GERAL;3251912538,00;614545420,00;56941619,00;3923399577,00;3
10;122;39;GESTÃO DA ASSISTÊNCIA À SAÚDE;0,00;27018840,00;0,00;27018840,00;4
10;122;59;APOIO À GESTÃO DO SUS;290129004,00;1000000,00;0,00;291129004,00;4
10;122;166;EXECUÇÃO DESCENTRALIZADA E AUTÔNOMA DAS AÇÕES E SERVIÇOS DE SAÚDE;224346201,00;0,00;0,00;224346201,00;4
10;122;705;APOIO ÀS POLÍTICAS PÚBLICAS;2737437333,00;586526580,00;56941619,00;3380905532,00;4
10;128;;FORMAÇÃO DE RECURSOS HUMANOS;36032502,00;0,00;0,00;36032502,00;3
10;128;28;DESENVOLVIMENTO DE AÇÕES DE EDUCAÇÃO E PESQUISA PARA O SISTEMA ÚNICO DE SAÚDE;4493220,00;0,00;0,00;4493220,00;4
10;128;166;EXECUÇÃO DESCENTRALIZADA E AUTÔNOMA DAS AÇÕES E SERVIÇOS DE SAÚDE;31539282,00;0,00;0,00;31539282,00;4
10;130;;ADMINISTRAÇÃO DE CONCESSÕES;1000,00;0,00;0,00;1000,00;3
10;130;85;PROMOÇÃO DE CONCESSÕES E PARCERIAS;1000,00;0,00;0,00;1000,00;4
10;242;;ASSISTÊNCIA AO PORTADOR DE DEFICIÊNCIA;161977542,00;59571997,00;0,00;221549539,00;3
10;242;61;ATENÇÃO ESPECIALIZADA À SAÚDE;161977542,00;59571997,00;0,00;221549539,00;4
10;243;;ASSISTÊNCIA À CRIANÇA E AO ADOLESCENTE;25439429,00;45558,00;0,00;25484987,00;3
10;243;146;PROMOÇÃO DA POLÍTICA SOCIOEDUCATIVA PARA ATENDIMENTO AOS ADOLESCENTES EM CONFLITO COM A LEI;25439429,00;45558,00;0,00;25484987,00;4
10;301;;ATENÇÃO BÁSICA;1489622760,00;12730740,00;0,00;1502353500,00;3
10;301;60;ATENÇÃO PRIMÁRIA À SAÚDE;1489622760,00;172500,00;0,00;1489795260,00;4
10;301;68;PRIMEIRA INFÂNCIA MINAS;0,00;12558240,00;0,00;12558240,00;4
10;302;;ASSISTÊNCIA HOSPITALAR E AMBULATORIAL;8442766572,00;3065695528,00;274187117,00;11782649217,00;3
10;302;6;ASSISTÊNCIA À SAÚDE DOS SEGURADOS E DOS SEUS DEPENDENTES;0,00;880464007,00;16407222,00;896871229,00;4
10;302;7;EDUCAÇÃO SUPERIOR;1000,00;0,00;0,00;1000,00;4
10;302;19;ATENÇÃO HOSPITALAR ESPECIALIZADA;746453688,00;166946079,00;0,00;913399767,00;4
10;302;37;VALORIZAÇÃO E SAÚDE DO SERVIDOR;1562970,00;0,00;0,00;1562970,00;4
10;302;39;GESTÃO DA ASSISTÊNCIA À SAÚDE;0,00;1211752269,00;112680894,00;1324433163,00;4
10;302;52;PROMOÇÃO DE DEFESA CIVIL;38345313,00;0,00;870901,00;39216214,00;4
10;302;53;ATENDIMENTO PRÉ-HOSPITALAR;8281747,00;0,00;0,00;8281747,00;4
10;302;58;POLÍTICAS DE ATENÇÃO HOSPITALAR;3152467528,00;85767500,00;0,00;3238235028,00;4
10;302;61;ATENÇÃO ESPECIALIZADA À SAÚDE;521231432,00;22180500,00;0,00;543411932,00;4
10;302;62;ACESSO A SERVIÇOS DE SAÚDE;579114294,00;262144964,00;0,00;841259258,00;4
10;302;87;ASSISTÊNCIA EM HEMATOLOGIA, HEMOTERAPIA,CÉLULAS E TECIDOS BIOLÓGICOS;208657006,00;3769095,00;0,00;212426101,00;4
10;302;88;SERVIÇOS DE SAÚDE PRESTADOS PELO IPSEMG NA REDE PRÓPRIA;0,00;432671114,00;0,00;432671114,00;4
10;302;135;PROTEÇÃO SOCIAL DOS MILITARES;361797515,00;0,00;144227100,00;506024615,00;4
10;302;166;EXECUÇÃO DESCENTRALIZADA E AUTÔNOMA DAS AÇÕES E SERVIÇOS DE SAÚDE;2824854079,00;0,00;0,00;2824854079,00;4
10;302;764;ASSISTÊNCIA COMPLEMENTAR;0,00;0,00;1000,00;1000,00;4
10;303;;SUPORTE PROFILÁTICO E TERAPÊUTICO;1518821259,00;129356129,00;0,00;1648177388,00;3
10;303;64;ASSISTÊNCIA FARMACÊUTICA;356869120,00;125338913,00;0,00;482208033,00;4
10;303;153;VIGILÂNCIA LABORATORIAL EM SAÚDE PÚBLICA;44186869,00;0,00;0,00;44186869,00;4
10;303;154;DESENVOLVIMENTO E PRODUÇÃO DE MEDICAMENTOS PARA O SISTEMA ÚNICO DE SAÚDE (SUS);344817256,00;4003371,00;0,00;348820627,00;4
10;303;166;EXECUÇÃO DESCENTRALIZADA E AUTÔNOMA DAS AÇÕES E SERVIÇOS DE SAÚDE;651486526,00;0,00;0,00;651486526,00;4
10;303;705;APOIO ÀS POLÍTICAS PÚBLICAS;121461488,00;13845,00;0,00;121475333,00;4
10;304;;VIGILÂNCIA SANITÁRIA;40527648,00;8223588,00;0,00;48751236,00;3
10;304;63;VIGILÂNCIA EM SAÚDE;40527648,00;8223588,00;0,00;48751236,00;4
10;305;;VIGILÂNCIA EPIDEMIOLÓGICA;323367091,00;37076924,00;18015000,00;378459015,00;3
10;305;63;VIGILÂNCIA EM SAÚDE;318902334,00;37076924,00;18015000,00;373994258,00;4
10;305;101;PROGRAMA ENCONTRO DAS ÁGUAS;4464757,00;0,00;0,00;4464757,00;4
10;421;;CUSTÓDIA E REINTEGRAÇÃO SOCIAL;179376900,00;922564,00;0,00;180299464,00;3
10;421;130;INFRAESTRUTURA DO SISTEMA PRISIONAL;179376900,00;922564,00;0,00;180299464,00;4
10;422;;DIREITOS INDIVIDUAIS, COLETIVOS E DIFUSOS;19529872,00;0,00;0,00;19529872,00;3
10;422;141;POLÍTICAS SOBRE DROGAS;19529872,00;0,00;0,00;19529872,00;4
10;571;;DESENVOLVIMENTO CIENTÍFICO;52463698,00;0,00;0,00;52463698,00;3
10;571;150;UNIVERSALIZAÇÃO DO ACESSO AO CONHECIMENTO CIENTÍFICO E TECNOLÓGICO;16661208,00;0,00;0,00;16661208,00;4
10;571;152;INOVAÇÃO CIENTÍFICA E TECNOLÓGICA;35802490,00;0,00;0,00;35802490,00;4
11;;;TRABALHO;8734561,00;26414181,00;0,00;35148742,00;2
11;122;;ADMINISTRAÇÃO GERAL;3463384,00;0,00;0,00;3463384,00;3
11;122;705;APOIO ÀS POLÍTICAS PÚBLICAS;3463384,00;0,00;0,00;3463384,00;4
11;242;;ASSISTÊNCIA AO PORTADOR DE DEFICIÊNCIA;195185,00;0,00;0,00;195185,00;3
11;242;5;PROGRAMA MINEIRO DE ACESSIBILIDADE, INCLUSÃO E SAÚDE (PROMAIS);195185,00;0,00;0,00;195185,00;4
11;334;;FOMENTO AO TRABALHO;5075992,00;21217718,00;0,00;26293710,00;3
11;334;66;POLÍTICAS DE TRABALHO E EMPREGO;2970802,00;21193998,00;0,00;24164800,00;4
11;334;83;POLÍTICAS DE PROMOÇÃO AO DESENVOLVIMENTO SOCIAL NO CONTEXTO RURAL - PERCURSOS GERAIS: TRAJETÓRIA PARA AUTONOMIA;0,00;23720,00;0,00;23720,00;4
11;334;104;ENFRENTAMENTO À VULNERABILIDADE NOS TERRITÓRIOS DE ATUAÇÃO DA FUCAM;2105190,00;0,00;0,00;2105190,00;4
11;363;;ENSINO PROFISSIONAL;0,00;5196463,00;0,00;5196463,00;3
11;363;67;REDE DE DESENVOLVIMENTO DA EDUCAÇÃO PROFISSIONAL;0,00;5196463,00;0,00;5196463,00;4
12;;;EDUCAÇÃO;6694894437,00;15780980117,00;15888179,00;22491762733,00;2
12;122;;ADMINISTRAÇÃO GERAL;822776351,00;1794000,00;2370129,00;826940480,00;3
12;122;705;APOIO ÀS POLÍTICAS PÚBLICAS;822776351,00;1794000,00;2370129,00;826940480,00;4
12;130;;ADMINISTRAÇÃO DE CONCESSÕES;1000,00;0,00;0,00;1000,00;3
12;130;85;PROMOÇÃO DE CONCESSÕES E PARCERIAS;1000,00;0,00;0,00;1000,00;4
12;242;;ASSISTÊNCIA AO PORTADOR DE DEFICIÊNCIA;100000,00;0,00;0,00;100000,00;3
12;242;75;AMPLIAÇÃO E MODERNIZAÇÃO DA FUNDAÇÃO HELENA ANTIPOFF;100000,00;0,00;0,00;100000,00;4
12;243;;ASSISTÊNCIA À CRIANÇA E AO ADOLESCENTE;134284901,00;1854919,00;0,00;136139820,00;3
12;243;146;PROMOÇÃO DA POLÍTICA SOCIOEDUCATIVA PARA ATENDIMENTO AOS ADOLESCENTES EM CONFLITO COM A LEI;134284901,00;1854919,00;0,00;136139820,00;4
12;244;;ASSISTÊNCIA COMUNITÁRIA;1068308,00;0,00;0,00;1068308,00;3
12;244;51;ATENDIMENTO COMUNITÁRIO E PSICOPEDAGOGICO NA FUNDACÃO HELENA ANTIPOFF;1068308,00;0,00;0,00;1068308,00;4
12;302;;ASSISTÊNCIA HOSPITALAR E AMBULATORIAL;62382614,00;21761524,00;0,00;84144138,00;3
12;302;7;EDUCAÇÃO SUPERIOR;62382614,00;21761524,00;0,00;84144138,00;4
12;306;;ALIMENTAÇÃO E NUTRIÇÃO;989422,00;687362838,00;293034,00;688645294,00;3
12;306;163;ALIMENTAÇÃO ESCOLAR;989422,00;687362838,00;293034,00;688645294,00;4
12;361;;ENSINO FUNDAMENTAL;1731738860,00;5893416224,00;645,00;7625155729,00;3
12;361;42;DESENVOLVIMENTO DA EDUCAÇÃO BÁSICA;14124921,00;0,00;0,00;14124921,00;4
12;361;104;ENFRENTAMENTO À VULNERABILIDADE NOS TERRITÓRIOS DE ATUAÇÃO DA FUCAM;10000,00;0,00;0,00;10000,00;4
12;361;136;EDUCAÇÃO ESCOLAR;28908351,00;0,00;645,00;28908996,00;4
12;361;162;PROGRAMA DE DESENVOLVIMENTO E GESTÃO DE PESSOAS DA REDE ESTADUAL DE ENSINO;1519821539,00;5893416224,00;0,00;7413237763,00;4
12;361;167;PROGRAMA ESTADUAL DE DESENVOLVIMENTO DA EDUCAÇÃO BÁSICA;118550000,00;0,00;0,00;118550000,00;4
12;361;172;PROGRAMA ESTADUAL DE COOPERACAO ESTADO-MUNICIPIO NA AREA EDUCACIONAL;50324049,00;0,00;0,00;50324049,00;4
12;362;;ENSINO MÉDIO;407120683,00;4896141587,00;0,00;5303262270,00;3
12;362;42;DESENVOLVIMENTO DA EDUCAÇÃO BÁSICA;8334477,00;0,00;0,00;8334477,00;4
12;362;104;ENFRENTAMENTO À VULNERABILIDADE NOS TERRITÓRIOS DE ATUAÇÃO DA FUCAM;10000,00;0,00;0,00;10000,00;4
12;362;136;EDUCAÇÃO ESCOLAR;258870712,00;0,00;0,00;258870712,00;4
12;362;162;PROGRAMA DE DESENVOLVIMENTO E GESTÃO DE PESSOAS DA REDE ESTADUAL DE ENSINO;73305494,00;4896141587,00;0,00;4969447081,00;4
12;362;167;PROGRAMA ESTADUAL DE DESENVOLVIMENTO DA EDUCAÇÃO BÁSICA;66600000,00;0,00;0,00;66600000,00;4
12;363;;ENSINO PROFISSIONAL;714415431,00;513466219,00;61171,00;1227942821,00;3
12;363;7;EDUCAÇÃO SUPERIOR;13312151,00;19435509,00;0,00;32747660,00;4
12;363;52;PROMOÇÃO DE DEFESA CIVIL;147911,00;0,00;0,00;147911,00;4
12;363;67;REDE DE DESENVOLVIMENTO DA EDUCAÇÃO PROFISSIONAL;4435373,00;6769820,00;0,00;11205193,00;4
12;363;104;ENFRENTAMENTO À VULNERABILIDADE NOS TERRITÓRIOS DE ATUAÇÃO DA FUCAM;6914889,00;0,00;0,00;6914889,00;4
12;363;105;FORMAÇÃO E CAPACITAÇÃO TÉCNICO-CULTURAL;5890448,00;0,00;61171,00;5951619,00;4
12;363;162;PROGRAMA DE DESENVOLVIMENTO E GESTÃO DE PESSOAS DA REDE ESTADUAL DE ENSINO;1376024,00;167713562,00;0,00;169089586,00;4
12;363;167;PROGRAMA ESTADUAL DE DESENVOLVIMENTO DA EDUCAÇÃO BÁSICA;679027690,00;319547328,00;0,00;998575018,00;4
12;363;705;APOIO ÀS POLÍTICAS PÚBLICAS;3310945,00;0,00;0,00;3310945,00;4
12;364;;ENSINO SUPERIOR;247691640,00;26945960,00;13163200,00;287800800,00;3
12;364;7;EDUCAÇÃO SUPERIOR;37874647,00;22842231,00;9949492,00;70666370,00;4
12;364;15;ENSINO SUPERIOR PARA A AGRICULTURA E PECUÁRIA;36910368,00;0,00;100000,00;37010368,00;4
12;364;26;DESENVOLVIMENTO DO ENSINO SUPERIOR NA UEMG;156100450,00;4103729,00;1150000,00;161354179,00;4
12;364;91;APRIMORAMENTO DA GESTÃO PÚBLICA POR MEIO DE ENSINO DE EXCELÊNCIA;16805175,00;0,00;1963708,00;18768883,00;4
12;364;168;GESTÃO DA REDE FÍSICA ESTADUAL DE ENSINO;1000,00;0,00;0,00;1000,00;4
12;365;;EDUCAÇÃO INFANTIL;5402168,00;0,00;0,00;5402168,00;3
12;365;162;PROGRAMA DE DESENVOLVIMENTO E GESTÃO DE PESSOAS DA REDE ESTADUAL DE ENSINO;5402168,00;0,00;0,00;5402168,00;4
12;366;;EDUCAÇÃO DE JOVENS E ADULTOS;6718723,00;390369964,00;0,00;397088687,00;3
12;366;162;PROGRAMA DE DESENVOLVIMENTO E GESTÃO DE PESSOAS DA REDE ESTADUAL DE ENSINO;5718723,00;390369964,00;0,00;396088687,00;4
12;366;167;PROGRAMA ESTADUAL DE DESENVOLVIMENTO DA EDUCAÇÃO BÁSICA;1000000,00;0,00;0,00;1000000,00;4
12;367;;EDUCAÇÃO ESPECIAL;44265389,00;1860391899,00;0,00;1904657288,00;3
12;367;5;PROGRAMA MINEIRO DE ACESSIBILIDADE, INCLUSÃO E SAÚDE (PROMAIS);15000000,00;0,00;0,00;15000000,00;4
12;367;162;PROGRAMA DE DESENVOLVIMENTO E GESTÃO DE PESSOAS DA REDE ESTADUAL DE ENSINO;29265389,00;1860391899,00;0,00;1889657288,00;4
12;368;;EDUCAÇÃO BÁSICA;2123080553,00;1277390503,00;0,00;3400471056,00;3
12;368;37;VALORIZAÇÃO E SAÚDE DO SERVIDOR;1233820,00;0,00;0,00;1233820,00;4
12;368;42;DESENVOLVIMENTO DA EDUCAÇÃO BÁSICA;8854922,00;0,00;0,00;8854922,00;4
12;368;51;ATENDIMENTO COMUNITÁRIO E PSICOPEDAGOGICO NA FUNDACÃO HELENA ANTIPOFF;948810,00;0,00;0,00;948810,00;4
12;368;76;DESENVOLVIMENTO DA EDUCAÇÃO PROFISSIONAL TÉCNICA;10360816,00;0,00;0,00;10360816,00;4
12;368;89;MEMÓRIA VIVA: DIFUSÃO CULTURAL, PATRIMÔNIO MATERIAL E IMATERIAL;1481149,00;0,00;0,00;1481149,00;4
12;368;101;PROGRAMA ENCONTRO DAS ÁGUAS;4300000,00;0,00;0,00;4300000,00;4
12;368;127;ESCOLA SEGURA;3000,00;0,00;0,00;3000,00;4
12;368;162;PROGRAMA DE DESENVOLVIMENTO E GESTÃO DE PESSOAS DA REDE ESTADUAL DE ENSINO;249042398,00;677503079,00;0,00;926545477,00;4
12;368;163;ALIMENTAÇÃO ESCOLAR;0,00;50400000,00;0,00;50400000,00;4
12;368;165;ORGANIZAÇÃO, AVALIAÇÃO E GESTÃO ESCOLAR;55617119,00;2000,00;0,00;55619119,00;4
12;368;167;PROGRAMA ESTADUAL DE DESENVOLVIMENTO DA EDUCAÇÃO BÁSICA;159252641,00;7000000,00;0,00;166252641,00;4
12;368;168;GESTÃO DA REDE FÍSICA ESTADUAL DE ENSINO;1243875334,00;540290924,00;0,00;1784166258,00;4
12;368;169;GESTÃO DO SISTEMA ESTADUAL DE EDUCAÇÃO;388110544,00;2194500,00;0,00;390305044,00;4
12;572;;DESENVOLVIMENTO TECNOLÓGICO E ENGENHARIA;10000,00;0,00;0,00;10000,00;3
12;572;75;AMPLIAÇÃO E MODERNIZAÇÃO DA FUNDAÇÃO HELENA ANTIPOFF;10000,00;0,00;0,00;10000,00;4
12;782;;TRANSPORTE RODOVIÁRIO;392400000,00;210084480,00;0,00;602484480,00;3
12;782;172;PROGRAMA ESTADUAL DE COOPERACAO ESTADO-MUNICIPIO NA AREA EDUCACIONAL;392400000,00;210084480,00;0,00;602484480,00;4
12;812;;DESPORTO COMUNITÁRIO;448394,00;0,00;0,00;448394,00;3
12;812;75;AMPLIAÇÃO E MODERNIZAÇÃO DA FUNDAÇÃO HELENA ANTIPOFF;448394,00;0,00;0,00;448394,00;4
13;;;CULTURA;208540907,00;242251366,00;9172219,00;459964492,00;2
13;122;;ADMINISTRAÇÃO GERAL;101277467,00;5000,00;5730073,00;107012540,00;3
13;122;705;APOIO ÀS POLÍTICAS PÚBLICAS;101277467,00;5000,00;5730073,00;107012540,00;4
13;131;;COMUNICAÇÃO SOCIAL;27480960,00;1000,00;256500,00;27738460,00;3
13;131;102;FOMENTO À ECONOMIA DA CRIATIVIDADE;0,00;1000,00;0,00;1000,00;4
13;131;121;ACESSO E ALCANCE À COMUNICAÇÃO DE INTERESSE PÚBLICO;19048172,00;0,00;256500,00;19304672,00;4
13;131;705;APOIO ÀS POLÍTICAS PÚBLICAS;8432788,00;0,00;0,00;8432788,00;4
13;391;;PATRIMÔNIO HISTÓRICO, ARTÍSTICO E ARQUEOLÓGICO;3667245,00;3904499,00;185384,00;7757128,00;3
13;391;102;FOMENTO À ECONOMIA DA CRIATIVIDADE;54410,00;0,00;0,00;54410,00;4
13;391;103;ESPAÇOS CULTURAIS, CORPOS ARTÍSTICOS E ÓRGÃOS COLEGIADOS;32690,00;0,00;0,00;32690,00;4
13;391;105;FORMAÇÃO E CAPACITAÇÃO TÉCNICO-CULTURAL;228052,00;0,00;0,00;228052,00;4
13;391;106;PROTEÇÃO E SALVAGUARDA DE ACERVOS E BENS CULTURAIS;3352093,00;3904499,00;185384,00;7441976,00;4
13;392;;DIFUSÃO CULTURAL;66087171,00;238340867,00;1221292,00;305649330,00;3
13;392;5;PROGRAMA MINEIRO DE ACESSIBILIDADE, INCLUSÃO E SAÚDE (PROMAIS);1000,00;0,00;0,00;1000,00;4
13;392;102;FOMENTO À ECONOMIA DA CRIATIVIDADE;19138059,00;235144232,00;406616,00;254688907,00;4
13;392;103;ESPAÇOS CULTURAIS, CORPOS ARTÍSTICOS E ÓRGÃOS COLEGIADOS;46832112,00;3196635,00;456676,00;50485423,00;4
13;392;105;FORMAÇÃO E CAPACITAÇÃO TÉCNICO-CULTURAL;116000,00;0,00;358000,00;474000,00;4
13;573;;DIFUSÃO DO CONHECIMENTO CIENTÍFICO E TECNOLÓGICO;248309,00;0,00;499470,00;747779,00;3
13;573;93;PROMOÇÃO E PRESERVAÇÃO DA MEMÓRIA TÉCNICO-CIENTÍFICA DO ESTADO DE MINAS GERAIS;248309,00;0,00;499470,00;747779,00;4
13;722;;TELECOMUNICAÇÕES;9779755,00;0,00;1279500,00;11059255,00;3
13;722;121;ACESSO E ALCANCE À COMUNICAÇÃO DE INTERESSE PÚBLICO;9779755,00;0,00;1279500,00;11059255,00;4
14;;;DIREITOS DA CIDADANIA;80795419,00;67998213,00;0,00;148793632,00;2
14;122;;ADMINISTRAÇÃO GERAL;76308383,00;8469434,00;0,00;84777817,00;3
14;122;54;GOVERNANÇA PARA INTEGRIDADE E MELHORES RESULTADOS EM SERVIÇOS PÚBLICOS;20000,00;0,00;0,00;20000,00;4
14;122;705;APOIO ÀS POLÍTICAS PÚBLICAS;76288383,00;8469434,00;0,00;84757817,00;4
14;124;;CONTROLE INTERNO;17159,00;0,00;0,00;17159,00;3
14;124;55;CONTROLE SOCIAL ATRAVÉS DA DEFESA DOS USUÁRIOS DE SERVIÇOS PÚBLICOS;17159,00;0,00;0,00;17159,00;4
14;128;;FORMAÇÃO DE RECURSOS HUMANOS;10113,00;0,00;0,00;10113,00;3
14;128;54;GOVERNANÇA PARA INTEGRIDADE E MELHORES RESULTADOS EM SERVIÇOS PÚBLICOS;10113,00;0,00;0,00;10113,00;4
14;131;;COMUNICAÇÃO SOCIAL;48808,00;0,00;0,00;48808,00;3
14;131;55;CONTROLE SOCIAL ATRAVÉS DA DEFESA DOS USUÁRIOS DE SERVIÇOS PÚBLICOS;48808,00;0,00;0,00;48808,00;4
14;241;;ASSISTÊNCIA AO IDOSO;0,00;1153028,00;0,00;1153028,00;3
14;241;70;POLÍTICAS DE DIREITOS HUMANOS;0,00;1153028,00;0,00;1153028,00;4
14;243;;ASSISTÊNCIA À CRIANÇA E AO ADOLESCENTE;0,00;16637374,00;0,00;16637374,00;3
14;243;23;POLÍTICAS PARA CRIANÇAS E ADOLESCENTES;0,00;2322314,00;0,00;2322314,00;4
14;243;68;PRIMEIRA INFÂNCIA MINAS;0,00;14315060,00;0,00;14315060,00;4
14;306;;ALIMENTAÇÃO E NUTRIÇÃO;400000,00;1989859,00;0,00;2389859,00;3
14;306;74;SEGURANÇA ALIMENTAR E NUTRICIONAL SUSTENTÁVEL PARA TODOS OS POVOS DO TERRITÓRIO MINEIRO;400000,00;1669099,00;0,00;2069099,00;4
14;306;83;POLÍTICAS DE PROMOÇÃO AO DESENVOLVIMENTO SOCIAL NO CONTEXTO RURAL - PERCURSOS GERAIS: TRAJETÓRIA PARA AUTONOMIA;0,00;320760,00;0,00;320760,00;4
14;421;;CUSTÓDIA E REINTEGRAÇÃO SOCIAL;1000,00;0,00;0,00;1000,00;3
14;421;141;POLÍTICAS SOBRE DROGAS;1000,00;0,00;0,00;1000,00;4
14;422;;DIREITOS INDIVIDUAIS, COLETIVOS E DIFUSOS;4009956,00;39748518,00;0,00;43758474,00;3
14;422;1;MINAS ÍNTEGRA E TRANSPARENTE;1200,00;0,00;0,00;1200,00;4
14;422;5;PROGRAMA MINEIRO DE ACESSIBILIDADE, INCLUSÃO E SAÚDE (PROMAIS);0,00;1000,00;0,00;1000,00;4
14;422;55;CONTROLE SOCIAL ATRAVÉS DA DEFESA DOS USUÁRIOS DE SERVIÇOS PÚBLICOS;730770,00;0,00;0,00;730770,00;4
14;422;70;POLÍTICAS DE DIREITOS HUMANOS;2000990,00;32794947,00;0,00;34795937,00;4
14;422;86;POLÍTICA DOS DIREITOS DAS MULHERES;100000,00;6952571,00;0,00;7052571,00;4
14;422;705;APOIO ÀS POLÍTICAS PÚBLICAS;1176996,00;0,00;0,00;1176996,00;4
15;;;URBANISMO;157332586,00;193808422,00;1315340,00;352456348,00;2
15;122;;ADMINISTRAÇÃO GERAL;43241698,00;0,00;859732,00;44101430,00;3
15;122;705;APOIO ÀS POLÍTICAS PÚBLICAS;43241698,00;0,00;859732,00;44101430,00;4
15;127;;ORDENAMENTO TERRITORIAL;185725,00;32191461,00;455608,00;32832794,00;3
15;127;77;CAMINHOS PARA O DESENVOLVIMENTO INTEGRADO METROPOLITANO;89400,00;15742149,00;455608,00;16287157,00;4
15;127;125;POLÍTICA DE REGULARIZAÇÃO FUNDIÁRIA E DE GESTÃO DE IMÓVEIS;96325,00;16449312,00;0,00;16545637,00;4
15;451;;INFRA-ESTRUTURA URBANA;113905163,00;161616961,00;0,00;275522124,00;3
15;451;81;DESENVOLVIMENTO SUSTENTÁVEL DA INFRAESTRUTURA RODOVIÁRIA;1540526,00;74515902,00;0,00;76056428,00;4
15;451;99;DESENVOLVIMENTO DA INFRAESTRUTURA ESTADUAL, MUNICIPAL E REGIONAL;58873152,00;87101059,00;0,00;145974211,00;4
15;451;705;APOIO ÀS POLÍTICAS PÚBLICAS;53491485,00;0,00;0,00;53491485,00;4
16;;;HABITAÇÃO;1000,00;54417064,00;38300201,00;92718265,00;2
16;122;;ADMINISTRAÇÃO GERAL;0,00;236067,00;19823595,00;20059662,00;3
16;122;73;MORADAS GERAIS;0,00;236067,00;19823595,00;20059662,00;4
16;244;;ASSISTÊNCIA COMUNITÁRIA;0,00;54180997,00;0,00;54180997,00;3
16;244;73;MORADAS GERAIS;0,00;54180997,00;0,00;54180997,00;4
16;482;;HABITAÇÃO URBANA;1000,00;0,00;18476606,00;18477606,00;3
16;482;9;PROGRAMA DE APOIO HABITACIONAL AOS MILITARES DO ESTADO DE MINAS GERAIS;0,00;0,00;477606,00;477606,00;4
16;482;73;MORADAS GERAIS;0,00;0,00;1000,00;1000,00;4
16;482;705;APOIO ÀS POLÍTICAS PÚBLICAS;1000,00;0,00;0,00;1000,00;4
16;482;765;APOIO HABITACIONAL;0,00;0,00;17998000,00;17998000,00;4
17;;;SANEAMENTO;1610000,00;90801003,00;0,00;92411003,00;2
17;122;;ADMINISTRAÇÃO GERAL;0,00;18231889,00;0,00;18231889,00;3
17;122;705;APOIO ÀS POLÍTICAS PÚBLICAS;0,00;18231889,00;0,00;18231889,00;4
17;125;;NORMATIZAÇÃO E FISCALIZAÇÃO;0,00;2192479,00;0,00;2192479,00;3
17;125;10;REGULAÇÃO E FISCALIZAÇÃO DOS SERVIÇOS DE ABASTECIMENTO DE ÁGUA E DE ESGOTAMENTO SANITÁRIO E ATENDIMENTO AOS USUÁRIOS;0,00;2192479,00;0,00;2192479,00;4
17;511;;SANEAMENTO BÁSICO RURAL;0,00;14215520,00;0,00;14215520,00;3
17;511;56;DESENVOLVIMENTO DA INFRAESTRUTURA DO NORTE E NORDESTE DE MINAS GERAIS;0,00;3009520,00;0,00;3009520,00;4
17;511;101;PROGRAMA ENCONTRO DAS ÁGUAS;0,00;11206000,00;0,00;11206000,00;4
17;512;;SANEAMENTO BÁSICO URBANO;1609000,00;56161115,00;0,00;57770115,00;3
17;512;21;SANEAMENTO E RESÍDUOS ESPECIAIS;1608000,00;56161115,00;0,00;57769115,00;4
17;512;705;APOIO ÀS POLÍTICAS PÚBLICAS;1000,00;0,00;0,00;1000,00;4
17;544;;RECURSOS HÍDRICOS;1000,00;0,00;0,00;1000,00;3
17;544;40;RECUPERAÇÃO AMBIENTAL E GESTÃO DE BARRAGENS;1000,00;0,00;0,00;1000,00;4
18;;;GESTÃO AMBIENTAL;43509846,00;707716101,00;197890906,00;949116853,00;2
18;122;;ADMINISTRAÇÃO GERAL;0,00;423800948,00;16855828,00;440656776,00;3
18;122;705;APOIO ÀS POLÍTICAS PÚBLICAS;0,00;423800948,00;16855828,00;440656776,00;4
18;182;;DEFESA CIVIL;6008846,00;0,00;6682057,00;12690903,00;3
18;182;52;PROMOÇÃO DE DEFESA CIVIL;6008846,00;0,00;6682057,00;12690903,00;4
18;541;;PRESERVAÇÃO E CONSERVAÇÃO AMBIENTAL;37101000,00;145873803,00;17499900,00;200474703,00;3
18;541;27;GESTÃO AMBIENTAL.;35701000,00;10811374,00;0,00;46512374,00;4
18;541;31;PROTEÇÃO DAS ÁREAS AMBIENTALMENTE CONSERVADAS, DA FAUNA E DA BIODIVERSIDADE FLORESTAL;1400000,00;128328989,00;17499900,00;147228889,00;4
18;541;40;RECUPERAÇÃO AMBIENTAL E GESTÃO DE BARRAGENS;0,00;604099,00;0,00;604099,00;4
18;541;46;SUPORTE AÉREO AOS SERVIÇOS PÚBLICOS ESTADUAIS;0,00;6129341,00;0,00;6129341,00;4
18;542;;CONTROLE AMBIENTAL;0,00;25746923,00;0,00;25746923,00;3
18;542;25;MONITORAMENTO, CONTROLE E FISCALIZAÇÃO AMBIENTAL;0,00;21844364,00;0,00;21844364,00;4
18;542;31;PROTEÇÃO DAS ÁREAS AMBIENTALMENTE CONSERVADAS, DA FAUNA E DA BIODIVERSIDADE FLORESTAL;0,00;3027993,00;0,00;3027993,00;4
18;542;41;REGULARIZAÇÃO AMBIENTAL;0,00;873566,00;0,00;873566,00;4
18;542;705;APOIO ÀS POLÍTICAS PÚBLICAS;0,00;1000,00;0,00;1000,00;4
18;543;;RECUPERAÇÃO DE ÁREAS DEGRADADAS;400000,00;22943522,00;4153721,00;27497243,00;3
18;543;31;PROTEÇÃO DAS ÁREAS AMBIENTALMENTE CONSERVADAS, DA FAUNA E DA BIODIVERSIDADE FLORESTAL;400000,00;22582986,00;4153721,00;27136707,00;4
18;543;40;RECUPERAÇÃO AMBIENTAL E GESTÃO DE BARRAGENS;0,00;360536,00;0,00;360536,00;4
18;544;;RECURSOS HÍDRICOS;0,00;89350905,00;152699400,00;242050305,00;3
18;544;27;GESTÃO AMBIENTAL.;0,00;8599286,00;0,00;8599286,00;4
18;544;47;SUPORTE ÀS AÇÕES DE COMBATE E RESPOSTA AOS DANOS CAUSADOS PELAS CHUVAS;0,00;163110,00;0,00;163110,00;4
18;544;65;FORTALECIMENTO DA POLÍTICA ESTADUAL DE RECURSOS HÍDRICOS;0,00;80588509,00;152699400,00;233287909,00;4
19;;;CIÊNCIA E TECNOLOGIA;625699823,00;7310437,00;14493176,00;647503436,00;2
19;122;;ADMINISTRAÇÃO GERAL;30519424,00;120000,00;0,00;30639424,00;3
19;122;705;APOIO ÀS POLÍTICAS PÚBLICAS;30519424,00;120000,00;0,00;30639424,00;4
19;571;;DESENVOLVIMENTO CIENTÍFICO;496052925,00;7190437,00;14493176,00;517736538,00;3
19;571;16;INOVAÇÕES E SOLUÇÕES TECNOLÓGICAS PARA A AGROPECUÁRIA E A AGROINDÚSTRIA;13248090,00;3823713,00;14493176,00;31564979,00;4
19;571;22;CONSTRUINDO O FUTURO POR MEIO DA CIÊNCIA, DA TECNOLOGIA E DA INOVAÇÃO;423592532,00;3366724,00;0,00;426959256,00;4
19;571;143;MG TECH - POLÍTICAS DE CIÊNCIA, TECNOLOGIA E INOVAÇÃO;47185570,00;0,00;0,00;47185570,00;4
19;571;705;APOIO ÀS POLÍTICAS PÚBLICAS;12026733,00;0,00;0,00;12026733,00;4
19;572;;DESENVOLVIMENTO TECNOLÓGICO E ENGENHARIA;36644944,00;0,00;0,00;36644944,00;3
19;572;22;CONSTRUINDO O FUTURO POR MEIO DA CIÊNCIA, DA TECNOLOGIA E DA INOVAÇÃO;36644944,00;0,00;0,00;36644944,00;4
19;573;;DIFUSÃO DO CONHECIMENTO CIENTÍFICO E TECNOLÓGICO;62482530,00;0,00;0,00;62482530,00;3
19;573;22;CONSTRUINDO O FUTURO POR MEIO DA CIÊNCIA, DA TECNOLOGIA E DA INOVAÇÃO;22350459,00;0,00;0,00;22350459,00;4
19;573;143;MG TECH - POLÍTICAS DE CIÊNCIA, TECNOLOGIA E INOVAÇÃO;40132071,00;0,00;0,00;40132071,00;4
20;;;AGRICULTURA;642172741,00;452399880,00;83112469,00;1177685090,00;2
20;122;;ADMINISTRAÇÃO GERAL;587236490,00;107241729,00;41036814,00;735515033,00;3
20;122;705;APOIO ÀS POLÍTICAS PÚBLICAS;587236490,00;107241729,00;41036814,00;735515033,00;4
20;127;;ORDENAMENTO TERRITORIAL;1232193,00;1144999,00;0,00;2377192,00;3
20;127;114;INFRAESTRUTURA RURAL E AGRICULTURA SUSTENTÁVEL;1232193,00;1144999,00;0,00;2377192,00;4
20;304;;VIGILÂNCIA SANITÁRIA;0,00;2178077,00;726480,00;2904557,00;3
20;304;80;SEGURANÇA DE ALIMENTOS;0,00;1481828,00;726480,00;2208308,00;4
20;304;112;CERTIFICAÇÕES E HABILITAÇÕES DE PRODUTOS AGROPECUÁRIOS E AGROINDUSTRIAIS;0,00;508461,00;0,00;508461,00;4
20;304;118;EDUCAÇÃO E SUCESSÃO RURAL;0,00;187788,00;0,00;187788,00;4
20;544;;RECURSOS HÍDRICOS;8653,00;129000704,00;0,00;129009357,00;3
20;544;56;DESENVOLVIMENTO DA INFRAESTRUTURA DO NORTE E NORDESTE DE MINAS GERAIS;0,00;129000704,00;0,00;129000704,00;4
20;544;114;INFRAESTRUTURA RURAL E AGRICULTURA SUSTENTÁVEL;8653,00;0,00;0,00;8653,00;4
20;571;;DESENVOLVIMENTO CIENTÍFICO;0,00;0,00;5100000,00;5100000,00;3
20;571;16;INOVAÇÕES E SOLUÇÕES TECNOLÓGICAS PARA A AGROPECUÁRIA E A AGROINDÚSTRIA;0,00;0,00;5100000,00;5100000,00;4
20;573;;DIFUSÃO DO CONHECIMENTO CIENTÍFICO E TECNOLÓGICO;0,00;0,00;200000,00;200000,00;3
20;573;16;INOVAÇÕES E SOLUÇÕES TECNOLÓGICAS PARA A AGROPECUÁRIA E A AGROINDÚSTRIA;0,00;0,00;200000,00;200000,00;4
20;605;;ABASTECIMENTO;0,00;480000,00;0,00;480000,00;3
20;605;108;ACESSO A MERCADOS;0,00;480000,00;0,00;480000,00;4
20;606;;EXTENSÃO RURAL;2300000,00;57193528,00;35627696,00;95121224,00;3
20;606;90;ASSISTÊNCIA TECNICA E EXTENSÃO RURAL PARA O ESTADO DE MINAS GERAIS;2300000,00;57178528,00;35627696,00;95106224,00;4
20;606;110;REGULARIZAÇÃO FUNDIÁRIA - AMPLIAÇÃO DA SEGURANÇA JURÍDICA NO CAMPO;0,00;15000,00;0,00;15000,00;4
20;607;;IRRIGAÇÃO;1974606,00;11866753,00;0,00;13841359,00;3
20;607;114;INFRAESTRUTURA RURAL E AGRICULTURA SUSTENTÁVEL;1974606,00;11866753,00;0,00;13841359,00;4
20;608;;PROMOÇÃO DA PRODUÇÃO AGROPECUÁRIA;49420799,00;132265323,00;421479,00;182107601,00;3
20;608;97;MINAS SEM FOME;19625750,00;58114979,00;421479,00;78162208,00;4
20;608;108;ACESSO A MERCADOS;1884500,00;9441948,00;0,00;11326448,00;4
20;608;111;DESENVOLVIMENTO DAS CADEIAS PRODUTIVAS DA AGROPECUÁRIA;23784085,00;46868817,00;0,00;70652902,00;4
20;608;112;CERTIFICAÇÕES E HABILITAÇÕES DE PRODUTOS AGROPECUÁRIOS E AGROINDUSTRIAIS;168668,00;5641567,00;0,00;5810235,00;4
20;608;113;GARANTIA DE CONTINUIDADE DA PRODUÇÃO AGROPECUÁRIA;0,00;6342734,00;0,00;6342734,00;4
20;608;116;INOVA AGRO GERAIS;57796,00;0,00;0,00;57796,00;4
20;608;124;PROMOÇÃO DO DESENVOLVIMENTO DO NORTE E NORDESTE DE MINAS GERAIS;3900000,00;5855278,00;0,00;9755278,00;4
20;609;;DEFESA AGROPECUÁRIA;0,00;11028767,00;0,00;11028767,00;3
20;609;78;DEFESA SANITÁRIA;0,00;10951412,00;0,00;10951412,00;4
20;609;108;ACESSO A MERCADOS;0,00;77355,00;0,00;77355,00;4
21;;;ORGANIZAÇÃO AGRÁRIA;750000,00;8311853,00;0,00;9061853,00;2
21;605;;ABASTECIMENTO;750000,00;8311853,00;0,00;9061853,00;3
21;605;110;REGULARIZAÇÃO FUNDIÁRIA - AMPLIAÇÃO DA SEGURANÇA JURÍDICA NO CAMPO;750000,00;8311853,00;0,00;9061853,00;4
22;;;INDÚSTRIA;53001,00;367781,00;15800000,00;16220782,00;2
22;661;;PROMOÇÃO INDUSTRIAL;0,00;320236,00;15800000,00;16120236,00;3
22;661;20;FOMENTO E INCENTIVO DE INVESTIMENTOS;0,00;0,00;15800000,00;15800000,00;4
22;661;132;MINAS EMPREENDEDORA: ESTADO MAIS SIMPLES E LIVRE PARA SE EMPREENDER;0,00;319236,00;0,00;319236,00;4
22;661;133;MINAS GERAÇÃO DE VALOR;0,00;1000,00;0,00;1000,00;4
22;662;;PRODUÇÃO INDUSTRIAL;2000,00;0,00;0,00;2000,00;3
22;662;705;APOIO ÀS POLÍTICAS PÚBLICAS;2000,00;0,00;0,00;2000,00;4
22;663;;MINERAÇÃO;51001,00;47545,00;0,00;98546,00;3
22;663;133;MINAS GERAÇÃO DE VALOR;51001,00;47545,00;0,00;98546,00;4
23;;;COMÉRCIO E SERVIÇOS;49505144,00;130229646,00;45137525,00;224872315,00;2
23;122;;ADMINISTRAÇÃO GERAL;48345544,00;28331343,00;30735304,00;107412191,00;3
23;122;29;REGISTRO PÚBLICO DE EMPRESAS MERCANTIS E ATIVIDADES AFINS;0,00;0,00;505759,00;505759,00;4
23;122;705;APOIO ÀS POLÍTICAS PÚBLICAS;48345544,00;28331343,00;30229545,00;106906432,00;4
23;125;;NORMATIZAÇÃO E FISCALIZAÇÃO;0,00;14047522,00;12674021,00;26721543,00;3
23;125;12;POLÍTICA PÚBLICA DE METROLOGIA E AVALIAÇÃO DA CONFORMIDADE;0,00;14047522,00;0,00;14047522,00;4
23;125;29;REGISTRO PÚBLICO DE EMPRESAS MERCANTIS E ATIVIDADES AFINS;0,00;0,00;12674021,00;12674021,00;4
23;334;;FOMENTO AO TRABALHO;0,00;70200000,00;0,00;70200000,00;3
23;334;132;MINAS EMPREENDEDORA: ESTADO MAIS SIMPLES E LIVRE PARA SE EMPREENDER;0,00;70200000,00;0,00;70200000,00;4
23;665;;NORMALIZAÇÃO E QUALIDADE;0,00;911863,00;0,00;911863,00;3
23;665;12;POLÍTICA PÚBLICA DE METROLOGIA E AVALIAÇÃO DA CONFORMIDADE;0,00;911863,00;0,00;911863,00;4
23;691;;PROMOÇÃO COMERCIAL;500000,00;15043689,00;3000,00;15546689,00;3
23;691;24;DESENVOLVIMENTO SOCIOECONÔMICO;0,00;0,00;3000,00;3000,00;4
23;691;132;MINAS EMPREENDEDORA: ESTADO MAIS SIMPLES E LIVRE PARA SE EMPREENDER;500000,00;14791993,00;0,00;15291993,00;4
23;691;133;MINAS GERAÇÃO DE VALOR;0,00;251696,00;0,00;251696,00;4
23;692;;COMERCIALIZAÇÃO;0,00;0,00;1615200,00;1615200,00;3
23;692;126;EXPLORAÇÃO DE JOGOS LOTÉRICOS E SIMILARES;0,00;0,00;1615200,00;1615200,00;4
23;693;;COMÉRCIO EXTERIOR;0,00;207156,00;0,00;207156,00;3
23;693;133;MINAS GERAÇÃO DE VALOR;0,00;207156,00;0,00;207156,00;4
23;694;;SERVIÇOS FINANCEIROS;0,00;0,00;110000,00;110000,00;3
23;694;705;APOIO ÀS POLÍTICAS PÚBLICAS;0,00;0,00;110000,00;110000,00;4
23;695;;TURISMO;659600,00;1488073,00;0,00;2147673,00;3
23;695;100;MAIS TURISTAS;658600,00;1488073,00;0,00;2146673,00;4
23;695;102;FOMENTO À ECONOMIA DA CRIATIVIDADE;1000,00;0,00;0,00;1000,00;4
25;;;ENERGIA;340102,00;14120703,00;0,00;14460805,00;2
25;752;;ENERGIA ELÉTRICA;1000,00;0,00;0,00;1000,00;3
25;752;705;APOIO ÀS POLÍTICAS PÚBLICAS;1000,00;0,00;0,00;1000,00;4
25;753;;COMBUSTÍVEIS MINERAIS;0,00;2828249,00;0,00;2828249,00;3
25;753;133;MINAS GERAÇÃO DE VALOR;0,00;2828249,00;0,00;2828249,00;4
25;754;;BIOCOMBUSTÍVEIS;339102,00;11292454,00;0,00;11631556,00;3
25;754;133;MINAS GERAÇÃO DE VALOR;339102,00;11292454,00;0,00;11631556,00;4
26;;;TRANSPORTE;545921383,00;1492377478,00;0,00;2038298861,00;2
26;122;;ADMINISTRAÇÃO GERAL;65582733,00;5209550,00;0,00;70792283,00;3
26;122;705;APOIO ÀS POLÍTICAS PÚBLICAS;65582733,00;5209550,00;0,00;70792283,00;4
26;129;;ADMINISTRAÇÃO DE RECEITAS;0,00;29783158,00;0,00;29783158,00;3
26;129;705;APOIO ÀS POLÍTICAS PÚBLICAS;0,00;29783158,00;0,00;29783158,00;4
26;453;;TRANSPORTES COLETIVOS URBANOS;6000000,00;56910907,00;0,00;62910907,00;3
26;453;117;MOBILIDADE, TRANSPORTES E LOGÍSTICA;6000000,00;56910907,00;0,00;62910907,00;4
26;781;;TRANSPORTE AÉREO;0,00;1268000,00;0,00;1268000,00;3
26;781;117;MOBILIDADE, TRANSPORTES E LOGÍSTICA;0,00;1268000,00;0,00;1268000,00;4
26;782;;TRANSPORTE RODOVIÁRIO;474336650,00;1399205863,00;0,00;1873542513,00;3
26;782;47;SUPORTE ÀS AÇÕES DE COMBATE E RESPOSTA AOS DANOS CAUSADOS PELAS CHUVAS;0,00;20000000,00;0,00;20000000,00;4
26;782;81;DESENVOLVIMENTO SUSTENTÁVEL DA INFRAESTRUTURA RODOVIÁRIA;300693460,00;1245263172,00;0,00;1545956632,00;4
26;782;82;PROMOÇÃO DA SEGURANÇA VIÁRIA;0,00;133942691,00;0,00;133942691,00;4
26;782;705;APOIO ÀS POLÍTICAS PÚBLICAS;173643190,00;0,00;0,00;173643190,00;4
26;783;;TRANSPORTE FERROVIÁRIO;2000,00;0,00;0,00;2000,00;3
26;783;117;MOBILIDADE, TRANSPORTES E LOGÍSTICA;1000,00;0,00;0,00;1000,00;4
26;783;705;APOIO ÀS POLÍTICAS PÚBLICAS;1000,00;0,00;0,00;1000,00;4
27;;;DESPORTO E LAZER;12125012,00;31746288,00;0,00;43871300,00;2
27;366;;EDUCAÇÃO DE JOVENS E ADULTOS;0,00;15075017,00;0,00;15075017,00;3
27;366;69;FOMENTO AO ESPORTE, À ATIVIDADE FÍSICA E AO LAZER;0,00;15075017,00;0,00;15075017,00;4
27;811;;DESPORTO DE RENDIMENTO;600944,00;2269900,00;0,00;2870844,00;3
27;811;69;FOMENTO AO ESPORTE, À ATIVIDADE FÍSICA E AO LAZER;600944,00;2269900,00;0,00;2870844,00;4
27;812;;DESPORTO COMUNITÁRIO;11505857,00;10986071,00;0,00;22491928,00;3
27;812;69;FOMENTO AO ESPORTE, À ATIVIDADE FÍSICA E AO LAZER;11505857,00;10986071,00;0,00;22491928,00;4
27;813;;LAZER;18211,00;3415300,00;0,00;3433511,00;3
27;813;69;FOMENTO AO ESPORTE, À ATIVIDADE FÍSICA E AO LAZER;18211,00;3415300,00;0,00;3433511,00;4
28;;;ENCARGOS ESPECIAIS;10941715492,00;46912646,00;27520495,00;11016148633,00;2
28;843;;SERVIÇO DA DÍVIDA INTERNA;2877746181,00;0,00;0,00;2877746181,00;3
28;843;705;APOIO ÀS POLÍTICAS PÚBLICAS;2877746181,00;0,00;0,00;2877746181,00;4
28;844;;SERVIÇO DA DÍVIDA EXTERNA;1845561458,00;0,00;0,00;1845561458,00;3
28;844;705;APOIO ÀS POLÍTICAS PÚBLICAS;1845561458,00;0,00;0,00;1845561458,00;4
28;846;;OUTROS ENCARGOS ESPECIAIS;6218407853,00;46912646,00;27520495,00;6292840994,00;3
28;846;705;APOIO ÀS POLÍTICAS PÚBLICAS;6218407853,00;46912646,00;27520495,00;6292840994,00;4
99;;;RESERVA DE CONTINGÊNCIA;1177567620,00;0,00;0,00;1177567620,00;2
99;999;;RESERVA DE CONTINGÊNCIA;1177567620,00;0,00;0,00;1177567620,00;3
99;999;999;RESERVA DE CONTINGÊNCIA;1177567620,00;0,00;0,00;1177567620,00;4
100;;;TOTAL;98767727010,00;43999987888,00;4201922460,00;146969637358,00;2
