uo_nome;pessoal;juros;outras_correntes;investimentos;inversoes;amortizacao;reserva;total
ADVOCACIA GERAL DO ESTADO - AGE;1119284718,00;0,00;619106926,00;3886462,00;0,00;0,00;0,00;1742278106,00
AGÊNCIA DE DESENVOLVIMENTO DA REGIÃO METROPOLITANA DE BELO HORIZONTE - AGÊNCIA RMBH;4083498,00;0,00;3939248,00;14526527,00;0,00;0,00;0,00;22549273,00
AGÊNCIA DE DESENVOLVIMENTO DA REGIÃO METROPOLITANA DO VALE DO AÇO - ARMVA;2144140,00;0,00;18157006,00;35000,00;0,00;0,00;0,00;20336146,00
AGÊNCIA REGULADORA DE SERVIÇOS DE ABASTECIMENTO DE ÁGUA E DE ESGOTAMENTO SANITÁRIO DO ESTADO DE MINAS GERAIS - ARSAE -MG;16312860,00;0,00;4486434,00;0,00;0,00;0,00;0,00;20799294,00
AGÊNCIA REGULADORA DE TRANSPORTES DO ESTADO DE MINAS GERAIS - ARTEMIG;6117900,00;0,00;18116769,00;45315820,00;0,00;0,00;0,00;69550489,00
ASSEMBLEIA LEGISLATIVA DO ESTADO DE MINAS GERAIS - ALMG;1910549833,00;0,00;370779669,00;14800000,00;11953000,00;0,00;0,00;2308082502,00
CONTROLADORIA-GERAL DO ESTADO - CGE;65231757,00;0,00;6399271,00;1052100,00;0,00;0,00;0,00;72683128,00
CORPO DE BOMBEIROS MILITAR DO ESTADO DE MINAS GERAIS - CBMMG;1970332594,00;0,00;250591442,00;47181040,00;0,00;0,00;0,00;2268105076,00
DEFENSORIA PUBLICA DO ESTADO DE MINAS GERAIS - DEF PUB;946460282,00;0,00;252908244,00;12254323,00;0,00;0,00;0,00;1211622849,00
DEPARTAMENTO DE ESTRADAS DE RODAGEM DO ESTADO DE MINAS GERAIS - DER-MG;252138717,00;0,00;158644405,00;1536851141,00;0,00;0,00;0,00;1947634263,00
EGE SEC.FAZENDA-ENCARGOS DIVERSOS - EGE - SEF;0,00;0,00;987483027,00;0,00;0,00;0,00;0,00;987483027,00
EGE-SECRETARIA DE ESTADO DE PLANEJAMENTO E GESTÃO - EGE-SEPLAG;214736657,00;0,00;5432552,00;0,00;0,00;0,00;0,00;220169209,00
EMPRESA DE ASSISTÊNCIA TÉCNICA E EXTENSÃO RURAL DO ESTADO DE MINAS GERAIS - EMATER;290067646,00;0,00;141677187,00;34331060,00;0,00;0,00;0,00;466075893,00
EMPRESA DE PESQUISA AGROPECUÁRIA DE MINAS GERAIS - EPAMIG;115775589,00;0,00;44138687,00;20867394,00;0,00;0,00;0,00;180781670,00
EMPRESA MINEIRA DE COMUNICAÇÃO - EMC;16730326,00;0,00;19344783,00;0,00;0,00;0,00;0,00;36075109,00
ENCARGOS GERAIS DO ESTADO - INSTRUMENTOS DE ENTRADA DE RECURSOS - EGE - CASA CIVIL;0,00;0,00;21595163,00;4415051,00;0,00;0,00;0,00;26010214,00
ESCOLA DE SAÚDE PÚBLICA DO ESTADO DE MINAS GERAIS - ESP MG;17243430,00;0,00;7884852,00;6410000,00;0,00;0,00;0,00;31538282,00
FUNDAÇÃO CENTRO DE HEMATOLOGIA E HEMOTERAPIA DE MINAS GERAIS - HEMOMINAS;197416612,00;0,00;217461613,00;20941504,00;0,00;0,00;0,00;435819729,00
FUNDAÇÃO CLÓVIS SALGADO - FCS;31501373,00;0,00;34483113,00;5000,00;0,00;0,00;0,00;65989486,00
FUNDAÇÃO DE AMPARO À PESQUISA DO ESTADO DE MINAS GERAIS - FAPEMIG;11027027,00;0,00;458970389,00;143829409,00;600000,00;0,00;0,00;614426825,00
FUNDAÇÃO DE ARTE DE OURO PRETO - FAOP;2642831,00;0,00;2678954,00;3248435,00;0,00;0,00;0,00;8570220,00
FUNDAÇÃO DE EDUCAÇÃO PARA O TRABALHO DE MINAS GERAIS - UTRAMIG;2508880,00;0,00;5706358,00;0,00;0,00;0,00;0,00;8215238,00
FUNDAÇÃO EDUCACIONAL CAIO MARTINS - FUCAM;4156213,00;0,00;10073402,00;15184,00;0,00;0,00;0,00;14244799,00
FUNDAÇÃO ESTADUAL DO MEIO AMBIENTE - FEAM;54987556,00;0,00;27274582,00;4500,00;0,00;0,00;0,00;82266638,00
FUNDAÇÃO EZEQUIEL DIAS - FUNED;111631016,00;0,00;532752937,00;16263006,00;0,00;0,00;0,00;660646959,00
FUNDAÇÃO HELENA ANTIPOFF - FHA;36677683,00;0,00;34048144,00;3683000,00;0,00;0,00;0,00;74408827,00
FUNDAÇÃO HOSPITALAR DO ESTADO DE MINAS GERAIS - FHEMIG;1444291331,00;0,00;1039974235,00;160356604,00;0,00;0,00;0,00;2644622170,00
FUNDAÇÃO JOÃO PINHEIRO - FJP;54980585,00;0,00;21981844,00;0,00;0,00;0,00;0,00;76962429,00
FUNDAÇÃO TV MINAS CULTURAL E EDUCATIVA - TV MINAS;6983131,00;0,00;9566156,00;0,00;0,00;0,00;0,00;16549287,00
FUNDO DE APOIO HABITACIONAL AOS MILITARES DO ESTADO DE MINAS GERAIS - FAHMEMG;0,00;0,00;477606,00;0,00;0,00;0,00;0,00;477606,00
FUNDO DE ASSISTÊNCIA AO PECÚLIO DOS SERVIDORES DO ESTADO DE MINAS GERAIS - FUNAPEC;0,00;0,00;126417426,00;0,00;0,00;0,00;0,00;126417426,00
FUNDO DE ASSISTÊNCIA AO TURISMO - FASTUR;0,00;0,00;1000,00;0,00;0,00;0,00;0,00;1000,00
FUNDO DE ATIVOS IMOBILIÁRIOS DE MINAS GERAIS - FAIMG;0,00;0,00;1000,00;0,00;0,00;0,00;0,00;1000,00
FUNDO DE DESENVOLVIMENTO DO MINISTÉRIO PÚBLICO - FDMP;0,00;0,00;88000000,00;2000000,00;0,00;0,00;0,00;90000000,00
FUNDO DE DESENVOLVIMENTO METROPOLITANO - FDM;0,00;0,00;178800,00;0,00;0,00;0,00;0,00;178800,00
FUNDO DE FOMENTO E DESENVOLVIMENTO SOCIOECONÔMICO DO ESTADO DE MINAS GERAIS - FUNDESE;0,00;0,00;0,00;0,00;3000,00;0,00;0,00;3000,00
FUNDO DE GARANTIAS DE PARCERIAS PÚBLICO - PRIVADAS DE MINAS GERAIS - FGP - MG;0,00;0,00;1000,00;0,00;0,00;0,00;0,00;1000,00
FUNDO DE INVESTIMENTO DO ESTADO DE MINAS GERAIS - MG INVESTE;0,00;0,00;15799000,00;0,00;1000,00;0,00;0,00;15800000,00
FUNDO DE INVESTIMENTOS IMOBILIÁRIOS DE MINAS GERAIS - FIIMG;0,00;0,00;1000,00;0,00;0,00;0,00;0,00;1000,00
FUNDO DE PAGAMENTO DE PARCERIAS PÚBLICO - PRIVADAS DE MINAS GERAIS - FPP - MG;0,00;0,00;259427418,00;0,00;1216313660,00;0,00;0,00;1475741078,00
FUNDO DE RECUPERAÇÃO, PROTEÇÃO E DESENVOLVIMENTO SUSTENTÁVEL DAS BACIAS HIDROGRÁFICAS DO ESTADO DE MINAS GERAIS - FHIDRO;0,00;0,00;36485544,00;2500000,00;0,00;0,00;0,00;38985544,00
FUNDO DO TRIBUNAL DE CONTAS DO ESTADO DE MINAS GERAIS - FUNCONTAS;0,00;0,00;3500000,00;3492000,00;0,00;0,00;0,00;6992000,00
FUNDO ESPECIAL DA ADVOCACIA-GERAL DO ESTADO - FEAGE;0,00;0,00;3000000,00;3000000,00;0,00;0,00;0,00;6000000,00
FUNDO ESPECIAL DA ASSEMBLEIA LEGISLATIVA DO ESTADO DE MINAS GERAIS - FUNDALEMG;0,00;0,00;2000,00;0,00;17998000,00;0,00;0,00;18000000,00
FUNDO ESPECIAL DE CRÉDITOS INADIMPLIDOS E DÍVIDA ATIVA - FECIDAT;0,00;0,00;2000,00;0,00;0,00;0,00;0,00;2000,00
FUNDO ESPECIAL DE GARANTIA DE ACESSO À JUSTIÇA - FEGAJ;0,00;0,00;82500000,00;22500000,00;0,00;0,00;0,00;105000000,00
FUNDO ESPECIAL DO MINISTÉRIO PÚBLICO DO ESTADO DE MINAS GERAIS - FUNEMP;0,00;0,00;28800000,00;31250000,00;0,00;0,00;0,00;60050000,00
FUNDO ESPECIAL DO PODER JUDICIÁRIO DO ESTADO DE MINAS GERAIS - FEPJ;0,00;0,00;2942973621,00;644366371,00;140000000,00;0,00;0,00;3727339992,00
FUNDO ESTADUAL DE ASSISTÊNCIA SOCIAL - FEAS;0,00;0,00;180056483,00;30843788,00;0,00;0,00;0,00;210900271,00
FUNDO ESTADUAL DE CULTURA - FEC;0,00;0,00;31999000,00;1000000,00;0,00;0,00;0,00;32999000,00
FUNDO ESTADUAL DE DEFESA DE DIREITOS DIFUSOS - FUNDIF;0,00;0,00;5566985,00;4187700,00;0,00;0,00;0,00;9754685,00
FUNDO ESTADUAL DE DESENVOLVIMENTO DE TRANSPORTES - FUNTRANS;0,00;0,00;30354558,00;133371291,00;0,00;0,00;0,00;163725849,00
FUNDO ESTADUAL DE HABITAÇÃO - FEH;0,00;0,00;3001000,00;0,00;16823595,00;0,00;0,00;19824595,00
FUNDO ESTADUAL DE PREVENÇÃO, FISCALIZAÇÃO E REPRESSÃO DE ENTORPECENTES - FUNPREN;0,00;0,00;1000,00;0,00;0,00;0,00;0,00;1000,00
FUNDO ESTADUAL DE PREVIDÊNCIA DO ESTADO DE MINAS GERAIS - FEPREMG;0,00;0,00;1000,00;0,00;0,00;0,00;0,00;1000,00
FUNDO ESTADUAL DE PROTEÇÃO E DEFESA DO CONSUMIDOR - FEPDC;0,00;0,00;31500000,00;38550000,00;0,00;0,00;0,00;70050000,00
FUNDO ESTADUAL DE SAÚDE - FES;422746677,00;0,00;11657189394,00;707286839,00;0,00;0,00;0,00;12787222910,00
FUNDO ESTADUAL DE SEGURANÇA PÚBLICA DE MINAS GERAIS - FESP-MG;0,00;0,00;61836092,00;1000,00;0,00;0,00;0,00;61837092,00
FUNDO ESTADUAL DO TRABALHO DE MINAS GERAIS - FET-MG;0,00;0,00;14618833,00;10000,00;0,00;0,00;0,00;14628833,00
FUNDO ESTADUAL DOS DIREITOS DO IDOSO - FEI;0,00;0,00;576514,00;576514,00;0,00;0,00;0,00;1153028,00
FUNDO FINANCEIRO DE PREVIDÊNCIA DO ESTADO DE MINAS GERAIS - FFP - MG;20353432410,00;0,00;25000000,00;0,00;0,00;0,00;0,00;20378432410,00
FUNDO PARA A INFÂNCIA E A ADOLESCÊNCIA - FIA;0,00;0,00;207657,00;207657,00;0,00;0,00;0,00;415314,00
FUNDO PENITENCIÁRIO ESTADUAL - FPE;0,00;0,00;5929714,00;21225633,00;0,00;0,00;0,00;27155347,00
GABINETE MILITAR DO GOVERNADOR DO ESTADO DE MINAS GERAIS - GABINETE MILITAR;8330350,00;0,00;34429458,00;18190000,00;0,00;0,00;0,00;60949808,00
GESTÃO DA DÍVIDA PÚBLICA ESTADUAL - GDPE - SEF;0,00;1394160307,00;1860660343,00;0,00;1000,00;5020527027,00;0,00;8275348677,00
INSTITUTO DE DESENVOLVIMENTO DO NORTE E NORDESTE DE MINAS GERAIS - IDENE;8973304,00;0,00;39317214,00;117639112,00;0,00;0,00;0,00;165929630,00
INSTITUTO DE METROLOGIA E QUALIDADE DO ESTADO DE MINAS GERAIS - IPEMMG;15783111,00;0,00;27816889,00;1150000,00;0,00;0,00;0,00;44750000,00
INSTITUTO DE PREVIDÊNCIA DO LEGISLATIVO DO ESTADO DE MINAS GERAIS - IPLEMG;1241000,00;0,00;88781613,00;7237137,00;12254750,00;0,00;0,00;109514500,00
INSTITUTO DE PREVIDÊNCIA DOS SERVIDORES DO ESTADO DE MINAS GERAIS - IPSEMG;486600816,00;0,00;1916833686,00;99049518,00;0,00;0,00;0,00;2502484020,00
INSTITUTO DE PREVIDÊNCIA DOS SERVIDORES MILITARES DO ESTADO DE MINAS GERAIS - IPSM;2329590427,00;0,00;1019378527,00;8442257,00;0,00;0,00;0,00;3357411211,00
INSTITUTO ESTADUAL DE FLORESTAS - IEF;129647091,00;0,00;186450777,00;1071011,00;17499900,00;0,00;0,00;334668779,00
INSTITUTO ESTADUAL DO PATRIMÔNIO HISTÓRICO E ARTÍSTICO DE MINAS GERAIS - IEPHA;12236551,00;0,00;12210437,00;2786180,00;0,00;0,00;0,00;27233168,00
INSTITUTO MINEIRO DE AGROPECUÁRIA - IMA;246964209,00;0,00;62496981,00;326710,00;0,00;0,00;0,00;309787900,00
INSTITUTO MINEIRO DE GESTÃO DAS ÁGUAS - IGAM;28262594,00;0,00;198190422,00;35218554,00;0,00;0,00;0,00;261671570,00
JUNTA COMERCIAL DO ESTADO DE MINAS GERAIS - JUCEMG;18981762,00;0,00;13550927,00;7698833,00;0,00;0,00;0,00;40231522,00
LOTERIA DO ESTADO DE MINAS GERAIS - LEMG;2658590,00;0,00;3047050,00;33000,00;0,00;0,00;0,00;5738640,00
OUVIDORIA-GERAL DO ESTADO DE MINAS GERAIS - OGE;15149831,00;0,00;3524998,00;0,00;0,00;0,00;0,00;18674829,00
PARTICIPAÇÃO NO AUMENTO DO CAPITAL SOCIAL DE EMPRESAS - PARTICIPAÇÃO EMPRESAS;0,00;0,00;0,00;0,00;119000,00;0,00;0,00;119000,00
POLÍCIA CIVIL DO ESTADO DE MINAS GERAIS - PCMG;2808906677,00;0,00;522444513,00;71787425,00;0,00;0,00;0,00;3403138615,00
POLÍCIA MILITAR DO ESTADO DE MINAS GERAIS - PMMG;17316627739,00;0,00;1695937107,00;291371237,00;0,00;0,00;0,00;19303936083,00
PROCURADORIA GERAL DE JUSTIÇA - PGJ;3667331618,00;0,00;842087255,00;56836000,00;5000000,00;0,00;0,00;4571254873,00
RESERVA DE CONTINGÊNCIA - RC;0,00;0,00;0,00;0,00;0,00;0,00;1177567620,00;1177567620,00
SECRETARIA DE ESTADO DA CASA CIVIL - SCC;6822629,00;0,00;4831197,00;83108,00;0,00;0,00;0,00;11736934,00
SECRETARIA DE ESTADO DE AGRICULTURA, PECUÁRIA E ABASTECIMENTO - SEAPA;23190893,00;0,00;78974573,00;55897528,00;0,00;0,00;0,00;158062994,00
SECRETARIA DE ESTADO DE COMUNICAÇÃO SOCIAL - SECOM;11634469,00;0,00;133530063,00;0,00;0,00;0,00;0,00;145164532,00
SECRETARIA DE ESTADO DE CULTURA E TURISMO - SECULT;26984745,00;0,00;225233305,00;36826667,00;0,00;0,00;0,00;289044717,00
SECRETARIA DE ESTADO DE DESENVOLVIMENTO ECONÔMICO - SEDE;21940165,00;0,00;84778873,00;18451968,00;70200000,00;0,00;0,00;195371006,00
SECRETARIA DE ESTADO DE DESENVOLVIMENTO SOCIAL - SEDESE;68372974,00;0,00;163282046,00;26046206,00;0,00;0,00;0,00;257701226,00
SECRETARIA DE ESTADO DE EDUCAÇÃO - SEE;15398650205,00;0,00;4107360410,00;1244397882,00;10000000,00;0,00;0,00;20760408497,00
SECRETARIA DE ESTADO DE FAZENDA - SEF;1597708079,00;0,00;363890939,00;45568140,00;0,00;0,00;0,00;2007167158,00
SECRETARIA DE ESTADO DE GOVERNO - SEGOV;48354448,00;0,00;72094242,00;935059742,00;0,00;0,00;0,00;1055508432,00
SECRETARIA DE ESTADO DE INFRAESTRUTURA, MOBILIDADE E PARCERIAS - SEINFRA;46038568,00;0,00;87974919,00;610858863,00;0,00;0,00;0,00;744872350,00
SECRETARIA DE ESTADO DE JUSTIÇA E SEGURANÇA PÚBLICA - SEJUSP;3009171633,00;0,00;1798849038,00;100822300,00;0,00;0,00;0,00;4908842971,00
SECRETARIA DE ESTADO DE MEIO AMBIENTE E DESENVOLVIMENTO SUSTENTÁVEL - SEMAD;107485536,00;0,00;111391724,00;76540322,00;0,00;0,00;0,00;295417582,00
SECRETARIA DE ESTADO DE PLANEJAMENTO E GESTÃO - SEPLAG;294334291,00;0,00;694280736,00;56205526,00;0,00;0,00;0,00;1044820553,00
SECRETARIA-GERAL - SEC. GERAL;9190097,00;0,00;4224329,00;0,00;0,00;0,00;0,00;13414426,00
TRIBUNAL DE CONTAS DO ESTADO DE MINAS GERAIS - TCEMG;1231042781,00;0,00;271703402,00;33432210,00;0,00;0,00;0,00;1536178393,00
TRIBUNAL DE JUSTIÇA DO ESTADO DE MINAS GERAIS - TJMG;11514169026,00;0,00;982710410,00;0,00;0,00;0,00;0,00;12496879436,00
TRIBUNAL DE JUSTIÇA MILITAR DO ESTADO DE MINAS GERAIS - TJMMG;151754654,00;0,00;27846214,00;9809354,00;0,00;0,00;0,00;189410222,00
UNIVERSIDADE DO ESTADO DE MINAS GERAIS - UEMG;286153075,00;0,00;189543402,00;13080421,00;0,00;0,00;0,00;488776898,00
UNIVERSIDADE ESTADUAL DE MONTES CLAROS - UNIMONTES;365510040,00;0,00;221608414,00;29740215,00;0,00;0,00;0,00;616858669,00
