regiao;municipio;orgao_nome;uo_nome;acao;obra;tesouro;outras_fontes;total
Belo Horizonte;Belo Horizonte;TRIBUNAL DE CONTAS DO ESTADO DE MINAS GERAIS - TCEMG;TRIBUNAL DE CONTAS DO ESTADO DE MINAS GERAIS - TCEMG;DIREÇÃO ADMINISTRATIVA;SOLUÇÃO DE FIBRA ÓTICA, ENERGIA DO DATA CENTER, NOVA TORRE DE RESFRIAMENTO, PROJETO DE ACESSIBILIDADE E DIAGNÓSTICO DE EDIFICAÇÕES;2282231,00;0,00;2282231,00
Estadual;Diversos Municípios - Estadual;MINISTÉRIO PÚBLICO DO ESTADO DE MINAS GERAIS - MPMG;PROCURADORIA GERAL DE JUSTIÇA - PGJ;CONSTRUÇÃO, AMPLIAÇÃO E REFORMA DE SEDES PRÓPRIAS;CONSTRUCAO DE SEDES PROPRIAS;14960975,00;4500000,00;19460975,00
Estadual;Diversos Municípios - Estadual;MINISTÉRIO PÚBLICO DO ESTADO DE MINAS GERAIS - MPMG;PROCURADORIA GERAL DE JUSTIÇA - PGJ;DIREÇÃO ADMINISTRATIVA;CONSTRUCAO DE SEDES PROPRIAS;6569025,00;0,00;6569025,00
Estadual;Diversos Municípios - Estadual;SECRETARIA DE ESTADO DE DESENVOLVIMENTO ECONÔMICO - SEDE;SECRETARIA DE ESTADO DE DESENVOLVIMENTO ECONÔMICO - SEDE;FONTES RENOVÁVEIS DE ENERGIA;PRESTAÇÃO DE SERVIÇOS TÉCNICOS ESPECIALIZADOS DE ENGENHARIA E GERENCIAMENTO, COMPREENDENDO FISCALIZAÇÃO, SUPERVISÃO E CONSULTORIA TÉCNICA EM PROJETOS, OBRAS E SERVIÇOS CORRELATOS PARA ATENDIMENTO ÀS DEMANDAS DA SEGURANÇA HÍDRICA DA RMBH,;0,00;11192448,00;11192448,00
Belo Horizonte;Sete Lagoas;POLÍCIA MILITAR DO ESTADO DE MINAS GERAIS - PMMG;POLÍCIA MILITAR DO ESTADO DE MINAS GERAIS - PMMG;ASSISTÊNCIA À SAÚDE;ANÁLISE E ELABORAÇÃO DE PROJETO DE ARQUITETURA PARA FUTURAS OBRAS/REFORMAS NA SAS EM/19$^a$ RPM - SETE LAGOAS;0,00;11200,00;11200,00
Teófilo Otoni;Araçuaí;POLÍCIA MILITAR DO ESTADO DE MINAS GERAIS - PMMG;POLÍCIA MILITAR DO ESTADO DE MINAS GERAIS - PMMG;;REFORMA E ADEQUAÇÕES DO ESPAÇO DESTINADO AO CONSULTÓRIO MÉDICO DO 70\degree BPM. ARAÇUAÍ;0,00;210000,00;210000,00
Teófilo Otoni;Diamantina;POLÍCIA MILITAR DO ESTADO DE MINAS GERAIS - PMMG;POLÍCIA MILITAR DO ESTADO DE MINAS GERAIS - PMMG;;CONSTRUÇÃO DO ARS (ABRIGO DE RESÍDUOS SÓLIDOS) E DML (DEPÓSITO DE MATERIAL DE LIMPEZA). DIAMANTINA;0,00;80000,00;80000,00
Estadual;Diversos Municípios - Estadual;SECRETARIA DE ESTADO DE EDUCAÇÃO - SEE;SECRETARIA DE ESTADO DE EDUCAÇÃO - SEE;MÃOS À OBRA;EXECUÇÃO DAS OBRAS DE REFORMA E RESTAURAÇÃO DO PRÉDIO DA ESCOLA ESTADUAL DOUTOR ARTHUR BERNARDES, UNIDADE INTEGRANTE DA SECRETARIA DE ESTADO DE EDUCAÇÃO, LOCALIZADA NO MUNICÍPIO DE SETE LAGOAS, ESTADO DE MINAS GERAIS.;5570024,00;0,00;5570024,00
Estadual;Diversos Municípios - Estadual;SECRETARIA DE ESTADO DE EDUCAÇÃO - SEE;SECRETARIA DE ESTADO DE EDUCAÇÃO - SEE;;EXECUÇÃO DAS OBRAS DE REFORMA DAS ESCOLAS ESTADUAIS INDÍGENAS MAXAKALI, UNIDADES DA SECRETARIA DE ESTADO DE EDUCAÇÃO, LOCALIZADAS NOS MUNICÍPIOS DE LADAÍNHA, TOPÁZIO (TEÓFILO OTONI), SANTA HELENA DE MINAS E BERTÓPOLIS, ESTADO DE MINAS GERAIS;4751363,00;0,00;4751363,00
Estadual;Diversos Municípios - Estadual;SECRETARIA DE ESTADO DE EDUCAÇÃO - SEE;SECRETARIA DE ESTADO DE EDUCAÇÃO - SEE;;EXEC.OBRAS DE REF.REST.PREDIOS DO INSTITUTO DE EDUCACAO DE MINAS GERAIS EM BELO HORIZONTE;21922168,00;0,00;21922168,00
Estadual;Diversos Municípios - Estadual;SECRETARIA DE ESTADO DE EDUCAÇÃO - SEE;SECRETARIA DE ESTADO DE EDUCAÇÃO - SEE;;EXEC. OBRAS DE ESTABILIZACAO DE TALUDES E ESTRUTURAS DE CONTENCAO DA EE.DOM CIRILO DE PAUOLA-RAPOSOS;970557,00;0,00;970557,00
Estadual;Diversos Municípios - Estadual;SECRETARIA DE ESTADO DE EDUCAÇÃO - SEE;SECRETARIA DE ESTADO DE EDUCAÇÃO - SEE;;EXECUÇÃO DAS OBRAS DE REFORÇOS ESTRUTURAIS, PSCIP E REFORMAS COMPLEMENTARES NA ESCOLA ESTADUAL DOM SILVÉRIO, UNIDADE INTEGRANTE DA SECRETARIA DE ESTADO DE EDUCAÇÃO, LOCALIZADA CRUCILÂNDIA-MG.;997555,00;0,00;997555,00
Estadual;Diversos Municípios - Estadual;SECRETARIA DE ESTADO DE EDUCAÇÃO - SEE;SECRETARIA DE ESTADO DE EDUCAÇÃO - SEE;;EXECUÇÃO DAS OBRAS PARA RECONSTRUÇÃO DE ARRIMO, ESTABILIZAÇÃO DO TALUDE E REFORMA DA ESCOLA ESTADUAL QUEIROZ JÚNIOR, UNIDADE INTEGRANTE DA SECRETARIA DE ESTADO DE EDUCAÇÃO, LOCALIZADA NO MUNICÍPIO DE CONSELHEIRO LAFAIETE, ESTADO DE MINAS GERAIS;349108,00;0,00;349108,00
Estadual;Diversos Municípios - Estadual;SECRETARIA DE ESTADO DE EDUCAÇÃO - SEE;SECRETARIA DE ESTADO DE EDUCAÇÃO - SEE;;ADEQUAÇÃO DOS PROJETOS PADRÃO DE PRÉDIOS ESCOLARES DEOP- MG/DER-MG, PARA AJUSTAMENTO ÀS NORMAS TÉCNICAS VIGENTES E ELABORAÇÃO DE PROJETOS EXECUTIVOS COMPLEMENTARES, BEM COMO ATUALIZAÇÃO DO CADERNO DE DETALHES PADRÃO PRÉDIOS ESCOLARES, COM USO DA METODOLOGIA BIM (BUILDING INFORMATION MODELING OU MODELAGEM DA INFORMAÇÃO PARA CONSTRUÇÃO), PARA UTILIZAÇÃO NAS NOVAS DEMANDAS DE UNIDADES ESCOLARES DA SECRETARIA DE ESTADO DE EDUCAÇÃO (SEE-MG), EM MUNICÍPIOS DO ESTADO DE MINAS GERAIS;185953,00;0,00;185953,00
Estadual;Diversos Municípios - Estadual;SECRETARIA DE ESTADO DE EDUCAÇÃO - SEE;SECRETARIA DE ESTADO DE EDUCAÇÃO - SEE;;ELABORAÇÃO DE PROJETO EXECUTIVO PARA RESTURAÇÃO E REFORMA GERAL COM AMPLIAÇÃO DA EDIFICAÇÃO DO PREDIO DA ESCOLA ESTADUAL JOSÉ BONIFÁCIO;48593,00;0,00;48593,00
Estadual;Diversos Municípios - Estadual;SECRETARIA DE ESTADO DE EDUCAÇÃO - SEE;SECRETARIA DE ESTADO DE EDUCAÇÃO - SEE;;"""ELABORAÇÃO E REVISAO DE PROJETOS EXECUTIVOS PARA REFORMA E RESTAURACAO COMPLEMENTARES DA ESCOLA ESTADUAL GOVERNADOR MILTON CAMPOS - CAMPUS I EM";30621,00;0,00;30621,00
Estadual;Diversos Municípios - Estadual;SECRETARIA DE ESTADO DE EDUCAÇÃO - SEE;SECRETARIA DE ESTADO DE EDUCAÇÃO - SEE;;ELABORAÇÃO DE PROJETOS EXECUTIVOS PARA A REFORMA, ADEQUAÇÃO ÀS NORMAS TÉCNICAS E REFORÇO ESTRUTURAL DO PRÉDIO DA ESCOLA ESTADUAL GETÚLIO VARGAS;36964,00;0,00;36964,00
Estadual;Diversos Municípios - Estadual;SECRETARIA DE ESTADO DE EDUCAÇÃO - SEE;SECRETARIA DE ESTADO DE EDUCAÇÃO - SEE;;ELABORAÇÃO DE PROJETOS EXECUTIVOS DE REFORÇO ESTRUTURAL E REFORMA GERAL DA ESCOLA ESTADUAL PROFESSORA HAYDÉE DE SOUZA ABREU;80886,00;0,00;80886,00
Estadual;Diversos Municípios - Estadual;SECRETARIA DE ESTADO DE EDUCAÇÃO - SEE;SECRETARIA DE ESTADO DE EDUCAÇÃO - SEE;;ELABORAÇÃO DE PROJETOS EXECUTIVOS PARA REFORMA E RESTAURAÇÃO DA EDIFICAÇÃO DA ESCOLA ESTADUAL BRASIL EM VARGINHA;4098,00;0,00;4098,00
Estadual;Diversos Municípios - Estadual;SECRETARIA DE ESTADO DE EDUCAÇÃO - SEE;SECRETARIA DE ESTADO DE EDUCAÇÃO - SEE;;ELABORAÇÃO DE PROJETOS EXECUTIVOS PARA A REGULARIZAÇÃO DO PROCESSO DE SEGURANÇA CONTRA INCÊNDIO E PÂNICO (PSCIP) E PARA A ADEQUAÇÃO À ACESSIBILIDADE DOS BLOCOS A, B, C E D DO CAMPUS SEE GAMELEIRA E DO PRÉDIO DA ESCOLA ESTADUAL PROFESSOR LEON RENAULT, NO BAIRRO GAMELEIRA, UNIDADES INTEGRANTES DA SECRETARIA DE ESTADO DE EDUCAÇÃO;85854,00;0,00;85854,00
Estadual;Diversos Municípios - Estadual;SECRETARIA DE ESTADO DE EDUCAÇÃO - SEE;SECRETARIA DE ESTADO DE EDUCAÇÃO - SEE;;"""ELABORAÇÃO DE PROJETOS EXECUTIVOS PARA REGULARIZAÇÃO DO PROCESSO DE SEGURANÇA CONTRA INCÊNDIO E PÂNICO (PSCIP), ADEQUAÇÃO À ACESSIBILIDADE E PROJETOS EXECUTIVOS COMPLEMENTARES PARA ESCOLA ESTADUAL PEDRO II, UNIDADE INTEGRANTE DA SECRETARIA DE ESTADO DE EDUCAÇÃO, LOCALIZADA NO MUNICÍPIO DE BELO";62049,00;0,00;62049,00
Estadual;Diversos Municípios - Estadual;SECRETARIA DE ESTADO DE EDUCAÇÃO - SEE;SECRETARIA DE ESTADO DE EDUCAÇÃO - SEE;;EXECUÇÃO DAS OBRAS DE REFORMA E RESTAURAÇÃO DO PRÉDIO DA ESCOLA ESTADUAL DOM PEDRO II, UNIDADE INTEGRANTE DA SECRETARIA DE ESTADO DE EDUCAÇÃO, LOCALIZADA NO MUNICÍPIO DE OURO PRETO, ESTADO DE MINAS GERAIS.;4377992,00;0,00;4377992,00
Estadual;Diversos Municípios - Estadual;SECRETARIA DE ESTADO DE EDUCAÇÃO - SEE;SECRETARIA DE ESTADO DE EDUCAÇÃO - SEE;;ELABORAÇÃO DE PROJETOS EXECUTIVOS PARA REFORMA GERAL, REFORÇO ESTRUTURAL E ADEQUAÇÕES DE ACESSIBILIDADE PARA OS PRÉDIOS DA EE ANTÔNIO MARINHO CAMPOS, NO MUNICÍPIO DE IBIRITÉ / MG,;79089,00;0,00;79089,00
Estadual;Diversos Municípios - Estadual;SECRETARIA DE ESTADO DE EDUCAÇÃO - SEE;SECRETARIA DE ESTADO DE EDUCAÇÃO - SEE;;ELABORAÇÃO DE PROJETOS EXECUTIVOS PARA REFORMA E RESTAURAÇÃO DA EDIFICAÇÃO DA ESCOLA ESTADUAL SANDOVAL DE AZEVEDO;39657,00;0,00;39657,00
Estadual;Diversos Municípios - Estadual;SECRETARIA DE ESTADO DE EDUCAÇÃO - SEE;SECRETARIA DE ESTADO DE EDUCAÇÃO - SEE;;ELABORAÇÃO DE PROJETOS EXECUTIVOS PARA A CONSTRUÇÃO DA ESCOLA ESTADUAL ALBERTO DELPINO/ ESCOLA ESTADUAL DESEMBARGADOR RODRIGUES CAMPOS;10133,00;0,00;10133,00
Estadual;Diversos Municípios - Estadual;SECRETARIA DE ESTADO DE EDUCAÇÃO - SEE;SECRETARIA DE ESTADO DE EDUCAÇÃO - SEE;;ELABORAÇÃO DE PROJETOS EXECUTIVOS PARA REFORMA E CONTENÇÃO E ESTABILIDADE DE TALUDE E DO PRÉDIO DA ESCOLA ESTADUAL SÃO JOSÉ;331776,00;0,00;331776,00
Estadual;Diversos Municípios - Estadual;SECRETARIA DE ESTADO DE EDUCAÇÃO - SEE;SECRETARIA DE ESTADO DE EDUCAÇÃO - SEE;;ELABORAÇÃO DE PROJETOS EXECUTIVOS PARA REFORMA DA EDIFICAÇÃO DA ESCOLA ESTADUAL JULIETA DE OLIVEIRA MACEDO, UNIDADE INTEGRANTE DA SECRETARIA DE ESTADO DE EDUCAÇÃO, LOCALIZADA NO MUNICÍPIO DE MURIAÉ, ESTADO DE MINAS GERAIS.;65560,00;0,00;65560,00
Belo Horizonte;Belo Horizonte;SECRETARIA DE ESTADO DE INFRAESTRUTURA, MOBILIDADE E PARCERIA - SEINFRA;SECRETARIA DE ESTADO DE INFRAESTRUTURA, MOBILIDADE E PARCERIAS - SEINFRA;INTERVENÇÕES NA INFRAESTRUTURA RODOVIARIA ESTADUAL, MUNICIPAL E REGIONAL;CONSTRUÇÃO DE PASSARELA NA RODOVIA MG-010 BELO HORIZONTE;0,00;370926,00;370926,00
Belo Horizonte;Jaboticatubas;SECRETARIA DE ESTADO DE INFRAESTRUTURA, MOBILIDADE E PARCERIA - SEINFRA;SECRETARIA DE ESTADO DE INFRAESTRUTURA, MOBILIDADE E PARCERIAS - SEINFRA;;PAVIMENTAÇÃO E MELHORAMENTOS DE ESTRADA VICINAL NO TRECHO JABOTICATUBAS-LAGOA SANTA COM EXTENSÃO DE 12,6 KM.;0,00;15516785,00;15516785,00
Divinópolis;Pimenta;SECRETARIA DE ESTADO DE INFRAESTRUTURA, MOBILIDADE E PARCERIA - SEINFRA;SECRETARIA DE ESTADO DE INFRAESTRUTURA, MOBILIDADE E PARCERIAS - SEINFRA;;PAVIMENTAÇÃO DO TRECHO PIMENTA - GUAPÉ;0,00;10407615,00;10407615,00
Patos de Minas;Paracatu;SECRETARIA DE ESTADO DE INFRAESTRUTURA, MOBILIDADE E PARCERIA - SEINFRA;SECRETARIA DE ESTADO DE INFRAESTRUTURA, MOBILIDADE E PARCERIAS - SEINFRA;;TRAB. DE OBRAS DE ARTE ESPEC. NO TRECHO ENTR LMG/690 (PARACATU) - ENTR ENTRE RIBEIROS - ENTR MG/181;0,00;16225784,00;16225784,00
Pouso Alegre;Cambuí;SECRETARIA DE ESTADO DE INFRAESTRUTURA, MOBILIDADE E PARCERIA - SEINFRA;SECRETARIA DE ESTADO DE INFRAESTRUTURA, MOBILIDADE E PARCERIAS - SEINFRA;;MELHORAMENTO E PAVIMENTAÇÃO DO TRECHO CONSOLAÇÃO - CAMBUÍ, COM 4,880 KM DE EXTENSÃO, NA RODOVIA MG295.;0,00;5015884,00;5015884,00
Uberaba;Itapagipe;SECRETARIA DE ESTADO DE INFRAESTRUTURA, MOBILIDADE E PARCERIA - SEINFRA;SECRETARIA DE ESTADO DE INFRAESTRUTURA, MOBILIDADE E PARCERIAS - SEINFRA;;MELHORAMENTO DE ESTRADAS VICINAIS - COMPLEMENTAÇÃO ITAPAGIPE - CAMPINA VERDE;0,00;14950082,00;14950082,00
Uberaba;Iturama;SECRETARIA DE ESTADO DE INFRAESTRUTURA, MOBILIDADE E PARCERIA - SEINFRA;SECRETARIA DE ESTADO DE INFRAESTRUTURA, MOBILIDADE E PARCERIAS - SEINFRA;;MELHORAMENTO E PAVIMENTAÇÃO ESTRADAS VICINAIS DO ESTADO DE MINAS GERAIS ITURAMA;0,00;705338,00;705338,00
Uberlândia;Monte Carmelo;SECRETARIA DE ESTADO DE INFRAESTRUTURA, MOBILIDADE E PARCERIA - SEINFRA;SECRETARIA DE ESTADO DE INFRAESTRUTURA, MOBILIDADE E PARCERIAS - SEINFRA;;EXECUÇÃO DOS SERVIÇOS DE MANUTENÇÃO RODOVIÁRIA, CONSERVAÇÃO ROTINEIRA E PERIÓDICA, SERVIÇOS DE URGÊNCIA E PEQUENOS MELHORAMENTOS, BEM COMO REPARAÇÕES DO CORPO ESTRADAL E SEUS DISPOSITIVOS. A EXECUÇÃO DOS SERVIÇOS DESCRITOS ESTÁ RESTRITA AO ÂMBITO DE CIRCUNSCRIÇÃO DA 18$^a$ URG MONTE CARMELO;0,00;7640000,00;7640000,00
Belo Horizonte;Contagem;SECRETARIA DE ESTADO DE INFRAESTRUTURA, MOBILIDADE E PARCERIA - SEINFRA;SECRETARIA DE ESTADO DE INFRAESTRUTURA, MOBILIDADE E PARCERIAS - SEINFRA;REQUALIFICAÇÃO URBANA E AMBIENTAL DO RIBEIRÃO ARRUDAS - PAC ARRUDAS COMPLEMENTO;EXECUÇÃO OBRAS PARA IMPLANTAÇÃO DE 48 UNIDADES HABITACIONAIS NA ÁREA DENOMINADA SANTA ELIZABETH - CONTAGEM;18179,00;7255461,00;7273640,00
Estadual;Diversos Municípios - Estadual;SECRETARIA DE ESTADO DE INFRAESTRUTURA, MOBILIDADE E PARCERIA - SEINFRA;SECRETARIA DE ESTADO DE INFRAESTRUTURA, MOBILIDADE E PARCERIAS - SEINFRA;CONTENÇÃO DE ENCOSTAS EM ÁREAS DE RISCO - PAC ENCOSTAS;CO-043/2013 - ELABORAÇÃO DO PROJETO BÁSICO P/AS OBRAS DE CONTENÇÃO DE ENCOSTAS EM SETORES DE RISCO ALTO E MUITO ALTO, NO ÂMBITO DO PROGRAMA PAC GESTÃO DE RISCOS E RESPOSTA A DESASTRES EM MINAS GERAIS.;0,00;9020000,00;9020000,00
Estadual;Diversos Municípios - Estadual;SECRETARIA DE ESTADO DE INFRAESTRUTURA, MOBILIDADE E PARCERIA - SEINFRA;SECRETARIA DE ESTADO DE INFRAESTRUTURA, MOBILIDADE E PARCERIAS - SEINFRA;;CO-043/2013 - ELABORAÇÃO DO PROJETO BÁSICO P/AS OBRAS DE CONTENÇÃO DE ENCOSTAS EM SETORES DE RISCO ALTO E MUITO ALTO, NO ÂMBITO DO PROGRAMA PAC GESTÃO DE RISCOS E RESPOSTA A DESASTRES EM MINAS GERAIS.;0,00;5300000,00;5300000,00
Estadual;Diversos Municípios - Estadual;SECRETARIA DE ESTADO DE INFRAESTRUTURA, MOBILIDADE E PARCERIA - SEINFRA;SECRETARIA DE ESTADO DE INFRAESTRUTURA, MOBILIDADE E PARCERIAS - SEINFRA;;CO-043/2013 - ELABORAÇÃO DO PROJETO BÁSICO P/AS OBRAS DE CONTENÇÃO DE ENCOSTAS EM SETORES DE RISCO ALTO E MUITO ALTO, NO ÂMBITO DO PROGRAMA PAC GESTÃO DE RISCOS E RESPOSTA A DESASTRES EM MINAS GERAIS.;6314513,00;0,00;6314513,00
Belo Horizonte;Nova Lima;SECRETARIA DE ESTADO DE INFRAESTRUTURA, MOBILIDADE E PARCERIA - SEINFRA;SECRETARIA DE ESTADO DE INFRAESTRUTURA, MOBILIDADE E PARCERIAS - SEINFRA;;BRAS DE CONTENÇÃO DE ENCOSTAS EM NOVA LIMA - INTERVENÇÃO EM SETORES DE RISCO ALTO E MUITO ALTO, NO ÂMBITO DO PROGRAMA PAC GESTÃO DE RISCOS E RESPOSTA A DESASTRES.;0,00;800000,00;800000,00
Belo Horizonte;Ouro Preto;SECRETARIA DE ESTADO DE INFRAESTRUTURA, MOBILIDADE E PARCERIA - SEINFRA;SECRETARIA DE ESTADO DE INFRAESTRUTURA, MOBILIDADE E PARCERIAS - SEINFRA;;CO-043/2013 - ELABORAÇÃO DO PROJETO BÁSICO P/AS OBRAS DE CONTENÇÃO DE ENCOSTAS EM SETORES DE RISCO ALTO E MUITO ALTO, NO ÂMBITO DO PROGRAMA PAC GESTÃO DE RISCOS E RESPOSTA A DESASTRES EM MINAS GERAIS.;0,00;17200000,00;17200000,00
Belo Horizonte;Ouro Preto;SECRETARIA DE ESTADO DE INFRAESTRUTURA, MOBILIDADE E PARCERIA - SEINFRA;SECRETARIA DE ESTADO DE INFRAESTRUTURA, MOBILIDADE E PARCERIAS - SEINFRA;;"EXEC;SISTEMA DE DRENAGEM PLUVIAL E SERVICOS CORRELATOS P/ INTERVENCOES NA ENCOSTA DE OURO PRETO";0,00;20000000,00;20000000,00
Belo Horizonte;Sabará;SECRETARIA DE ESTADO DE INFRAESTRUTURA, MOBILIDADE E PARCERIA - SEINFRA;SECRETARIA DE ESTADO DE INFRAESTRUTURA, MOBILIDADE E PARCERIAS - SEINFRA;;OBRAS DE CONTENÇÃO DE ENCOSTAS EM SABARÁ - INTERVENÇÃO EM SETORES DE RISCO ALTO E MUITO ALTO, NO ÂMBITO DO PROGRAMA PAC GESTÃO DE RISCOS E RESPOSTA A DESASTRES.;0,00;40000,00;40000,00
Belo Horizonte;Santa Luzia;SECRETARIA DE ESTADO DE INFRAESTRUTURA, MOBILIDADE E PARCERIA - SEINFRA;SECRETARIA DE ESTADO DE INFRAESTRUTURA, MOBILIDADE E PARCERIAS - SEINFRA;;OBRAS DE CONTENÇÃO DE ENCOSTAS EM SANTA LUZIA - INTERVENÇÃO EM SETORES DE RISCO ALTO E MUITO ALTO, NO ÂMBITO DO PROGRAMA PAC GESTÃO DE RISCOS E RESPOSTA A DESASTRES.;0,00;608000,00;608000,00
Ipatinga;João Monlevade;SECRETARIA DE ESTADO DE INFRAESTRUTURA, MOBILIDADE E PARCERIA - SEINFRA;SECRETARIA DE ESTADO DE INFRAESTRUTURA, MOBILIDADE E PARCERIAS - SEINFRA;;CO-043/2013 - ELABORAÇÃO DO PROJETO BÁSICO P/AS OBRAS DE CONTENÇÃO DE ENCOSTAS EM SETORES DE RISCO ALTO E MUITO ALTO, NO ÂMBITO DO PROGRAMA PAC GESTÃO DE RISCOS E RESPOSTA A DESASTRES EM MINAS GERAIS.;0,00;5275088,00;5275088,00
Ipatinga;Timóteo;SECRETARIA DE ESTADO DE INFRAESTRUTURA, MOBILIDADE E PARCERIA - SEINFRA;SECRETARIA DE ESTADO DE INFRAESTRUTURA, MOBILIDADE E PARCERIAS - SEINFRA;;CO-043/2013 - ELABORAÇÃO DO PROJETO BÁSICO P/AS OBRAS DE CONTENÇÃO DE ENCOSTAS EM SETORES DE RISCO ALTO E MUITO ALTO, NO ÂMBITO DO PROGRAMA PAC GESTÃO DE RISCOS E RESPOSTA A DESASTRES EM MINAS GERAIS.;0,00;1700000,00;1700000,00
Juíz de Fora;Além Paraíba;SECRETARIA DE ESTADO DE INFRAESTRUTURA, MOBILIDADE E PARCERIA - SEINFRA;SECRETARIA DE ESTADO DE INFRAESTRUTURA, MOBILIDADE E PARCERIAS - SEINFRA;;LOTE 1– EXECUCAO DAS OBRAS DE ESTABILIZACAO E CONTENCAO DE ENCOSTAS EM AREAS URBANAS EM ALEM PARAIBA;0,00;1900000,00;1900000,00
Juíz de Fora;Muriaé;SECRETARIA DE ESTADO DE INFRAESTRUTURA, MOBILIDADE E PARCERIA - SEINFRA;SECRETARIA DE ESTADO DE INFRAESTRUTURA, MOBILIDADE E PARCERIAS - SEINFRA;;LOTE 2 - EXECUCAO DAS OBRAS DE ESTABILIZACAO E CONTENCAO DE ENCOSTAS EM AREAS URBANAS EM MURIAE;0,00;2800000,00;2800000,00
Belo Horizonte;Contagem;SECRETARIA DE ESTADO DE INFRAESTRUTURA, MOBILIDADE E PARCERIA - SEINFRA;SECRETARIA DE ESTADO DE INFRAESTRUTURA, MOBILIDADE E PARCERIAS - SEINFRA;REQUALIFICAÇÃO URBANA E AMBIENTAL DO RIBEIRÃO ARRUDAS - PAC FNHIS;EXECUÇÃO DAS OBRAS E SERVIÇOS DE ENGENHARIA NECESSÁRIOS PARA IMPLANTAÇÃO DE 48 UNIDADES HABITACIONAIS DO REASSENTAMENTO FAMILIAR NA ÁREA DENOMINADA SANTA ELIZABETH, NO ÂMBITO DO EMPREENDIMENTO DE REQUALIFICAÇÃO URBANA E AMBIENTAL DO RIBEIRÃO ARRUDAS EM CONTAGEM;587010,00;2018300,00;2605310,00
Belo Horizonte;Contagem;SECRETARIA DE ESTADO DE INFRAESTRUTURA, MOBILIDADE E PARCERIA - SEINFRA;SECRETARIA DE ESTADO DE INFRAESTRUTURA, MOBILIDADE E PARCERIAS - SEINFRA;REQUALIFICAÇÃO URBANA E AMBIENTAL E CONTROLE DE CHEIAS DO CÓRREGO FERRUGEM - PAC FERRUGEM;REQUALIFICAÇÃO URBANA E AMBIENTAL DO CÓRREGO FERRUGEM;1987186,00;2750222,00;4737408,00
Belo Horizonte;Contagem;SECRETARIA DE ESTADO DE INFRAESTRUTURA, MOBILIDADE E PARCERIA - SEINFRA;SECRETARIA DE ESTADO DE INFRAESTRUTURA, MOBILIDADE E PARCERIAS - SEINFRA;REQUALIFICAÇÃO URBANA E AMBIENTAL E DE CONTROLE DE CHEIAS DO CÓRREGO RIACHO DAS PEDRAS - PAC RIACHO;REMANESCENTE DAS OBRAS DE INFRAESTRUTURA PARA A CONCLUSAO DAS BACIAS DO CONTROLE DE CHEIAS DO CORREGO RIACHO DAS PEDRAS.;2499856,00;2371788,00;4871644,00
Estadual;Diversos Municípios - Estadual;SECRETARIA DE ESTADO DE INFRAESTRUTURA, MOBILIDADE E PARCERIA - SEINFRA;SECRETARIA DE ESTADO DE INFRAESTRUTURA, MOBILIDADE E PARCERIAS - SEINFRA;FOMENTO À INFRAESTRUTURA PÚBLICA MUNICIPAL;AQUISIÇÃO DE ELEMENTOS ESTRUTURAIS TAIS COMO: VIGAS METÁLICAS, BUEIROS ARMCOS E MATA BURROS;16016092,00;0,00;16016092,00
Belo Horizonte;Belo Horizonte;SECRETARIA DE ESTADO DE INFRAESTRUTURA, MOBILIDADE E PARCERIA - SEINFRA;SECRETARIA DE ESTADO DE INFRAESTRUTURA, MOBILIDADE E PARCERIAS - SEINFRA;MELHORIA DA MOBILIDADE E INFRAESTRUTURA DE TRANSPORTES EM MINAS GERAIS;TRATAMENTO VIÁRIO PARA IMPLANTAÇÃO DE SISTEMA BRS EM DOIS CORREDORES DE IMPORTÂNCIA METROPOLITANA NA REGIÃO METROPOLITANA DE BELO HORIZONTE (RMBH);3000000,00;54862791,00;57862791,00
Belo Horizonte;Diversos Municípios - Região Intermediária de Belo Horizonte;CORPO DE BOMBEIROS MILITAR DO ESTADO DE MINAS GERAIS - CBMMG;CORPO DE BOMBEIROS MILITAR DO ESTADO DE MINAS GERAIS - CBMMG;MODERNIZAÇÃO E ESTRUTURAÇÃO DO CORPO DE BOMBEIROS MILITAR DE MINAS GERAIS;CONTRATAÇÃO DE PROJETOS EM BENEFICIO DE UNIDADE OPERACIONAIS DO CBMMG;150000,00;0,00;150000,00
Teófilo Otoni;Diamantina;CORPO DE BOMBEIROS MILITAR DO ESTADO DE MINAS GERAIS - CBMMG;CORPO DE BOMBEIROS MILITAR DO ESTADO DE MINAS GERAIS - CBMMG;;CONSTRUÇÃO DA SEDE DA 6$^a$ CIA IND;0,00;4661665,00;4661665,00
Estadual;Diversos Municípios - Estadual;SECRETARIA DE ESTADO DE JUSTIÇA E SEGURANÇA PÚBLICA - SEJUSP;SECRETARIA DE ESTADO DE JUSTIÇA E SEGURANÇA PÚBLICA - SEJUSP;ADEQUAÇÃO, MANUTENÇÃO E DESENVOLVIMENTO DO ATENDIMENTO SOCIOEDUCATIVO;OBRA REFERENTE A PPP DO SOCIOEDUCATIVO;0,00;29500000,00;29500000,00
Estadual;Diversos Municípios - Estadual;SECRETARIA DE ESTADO DE JUSTIÇA E SEGURANÇA PÚBLICA - SEJUSP;SECRETARIA DE ESTADO DE JUSTIÇA E SEGURANÇA PÚBLICA - SEJUSP;MODERNIZAÇÃO E EXPANSÃO DO SISTEMA PRISIONAL;OBRAS DIVERSAS DE MODERNIZAÇAO DO SISTEMA PRISINAL;491673,00;49110048,00;49601721,00
Belo Horizonte;Belo Horizonte;SECRETARIA DE ESTADO DE PLANEJAMENTO E GESTÃO - SEPLAG;SECRETARIA DE ESTADO DE PLANEJAMENTO E GESTÃO - SEPLAG;ABRIGOS E CAMINHOS NA CA;RELATIVO A OBRA DO CAMINHOS E ABRIGOS NA CIDADE ADMINISTRATIVA, COM PREVISÃO DE FINALIZAÇÃO EM 2025, MAS POSSIBILIDADE DE ADIAMENTO.;1000,00;0,00;1000,00
Belo Horizonte;Belo Horizonte;SECRETARIA DE ESTADO DE PLANEJAMENTO E GESTÃO - SEPLAG;SECRETARIA DE ESTADO DE PLANEJAMENTO E GESTÃO - SEPLAG;GESTÃO DA INFRAESTRUTURA DA CIDADE ADMINISTRATIVA;OBRAS RELACIONADAS A MELHORIAS E REFORMAS NOS PRÉDIOS DA CIDADE ADMINISTRATIVA, COMO IMPERMEABILIZAÇÃO DE COBERTURAS, OBRA DE RECUPERAÇÃO DE TALUDES, CONSTRUÇÃO DE ABRIGO DE RESÍDUOS, REFORÇO ESTRUTURAL;16330795,00;0,00;16330795,00
Belo Horizonte;Belo Horizonte;SECRETARIA DE ESTADO DE PLANEJAMENTO E GESTÃO - SEPLAG;SECRETARIA DE ESTADO DE PLANEJAMENTO E GESTÃO - SEPLAG;GESTÃO DOS SERVIÇOS OPERACIONAIS E LOGÍSTICOS DA CIDADE ADMINISTRATIVA;REFORMA RELATIVA A INSTALAÇÃO DE DIVISÓRIAS ANTI CHAMAS NA CIDADE ADMINSITRATIVA;106058,00;0,00;106058,00
Belo Horizonte;Belo Horizonte;SECRETARIA DE ESTADO DE PLANEJAMENTO E GESTÃO - SEPLAG;SECRETARIA DE ESTADO DE PLANEJAMENTO E GESTÃO - SEPLAG;ASSESSORAMENTO E GERENCIAMENTO DE POLÍTICAS PÚBLICAS;MANUTENÇÃO DAS UNIDADES PREDIAIS DA SEPLAG;125451,00;0,00;125451,00
Estadual;Diversos Municípios - Estadual;POLÍCIA CIVIL DO ESTADO DE MINAS GERAIS - PCMG;POLÍCIA CIVIL DO ESTADO DE MINAS GERAIS - PCMG;GESTÃO DAS UNIDADES POLICIAIS;OBRA DE ENGENHARIA PARA REFORMA E ADEQUAÇÃO NO IMÓVEL QUE ABRIGARÁ A DELEGACIA DE POLÍCIA CIVIL DO MUNICÍPIO DE CAXAMBU/MG, LOCALIZADA NA RUA GUILHERME VILELLA GOUVEIA, S/N\degree, BAIRRO SANTA RITA, CAXAMBU/MG;500000,00;0,00;500000,00
Belo Horizonte;Belo Horizonte;ESCOLA DE SAÚDE PÚBLICA DO ESTADO DE MINAS GERAIS - ESP MG;ESCOLA DE SAÚDE PÚBLICA DO ESTADO DE MINAS GERAIS - ESP MG;ASSESSORAMENTO E GERENCIAMENTO DE POLÍTICAS PÚBLICAS;EXECUÇÃO DA OBRA DE REFORMA DA ESCOLA DE SAÚDE PÚBLICA DO MUNICÍPIO DE BELO HORIZONTE DO ESTADO DE MINAS GERAIS;4800000,00;0,00;4800000,00
Belo Horizonte;Belo Horizonte;SECRETARIA DE ESTADO DE PLANEJAMENTO E GESTÃO - SEPLAG;INSTITUTO DE PREVIDÊNCIA DOS SERVIDORES DO ESTADO DE MINAS GERAIS - IPSEMG;ASSESSORAMENTO E GERENCIAMENTO DE POLÍTICAS PÚBLICAS;APOIO À GELENG, NO ATENDIMENTO ÀS DEMANDAS DE SERVIÇOS DE REFORMA E MANUTENÇÃO NAS UNIDADES.;0,00;2200000,00;2200000,00
Belo Horizonte;Belo Horizonte;SECRETARIA DE ESTADO DE PLANEJAMENTO E GESTÃO - SEPLAG;INSTITUTO DE PREVIDÊNCIA DOS SERVIDORES DO ESTADO DE MINAS GERAIS - IPSEMG;ATENÇÃO À SAÚDE HOSPITALAR NA REDE PRÓPRIA;REFORMAS ALA B DO HGIP - 40\%;0,00;10000000,00;10000000,00
Belo Horizonte;Belo Horizonte;SECRETARIA DE ESTADO DE PLANEJAMENTO E GESTÃO - SEPLAG;INSTITUTO DE PREVIDÊNCIA DOS SERVIDORES DO ESTADO DE MINAS GERAIS - IPSEMG;;REFORMA DA FACHADA DO HGIP - 10\%;0,00;700000,00;700000,00
Belo Horizonte;Belo Horizonte;SECRETARIA DE ESTADO DE PLANEJAMENTO E GESTÃO - SEPLAG;INSTITUTO DE PREVIDÊNCIA DOS SERVIDORES DO ESTADO DE MINAS GERAIS - IPSEMG;;REFORMA EM PARTE DA ALA A DO HGIP;0,00;5800000,00;5800000,00
Belo Horizonte;Belo Horizonte;SECRETARIA DE ESTADO DE PLANEJAMENTO E GESTÃO - SEPLAG;INSTITUTO DE PREVIDÊNCIA DOS SERVIDORES DO ESTADO DE MINAS GERAIS - IPSEMG;;REFORMA DA ENDOSCOPIA - HGIP;0,00;3000000,00;3000000,00
Belo Horizonte;Ibirité;SECRETARIA DE ESTADO DE EDUCAÇÃO - SEE;FUNDAÇÃO HELENA ANTIPOFF - FHA;CENTRO DO AUTISMO E INCLUSÃO ANTIPOFFIANO;PLANEJAR E ELABORAR ESTUDOS E PROJETOS DE ARQUITETURA E ENGENHARIA, INCLUINDO AS INTERVENÇÕES FÍSICAS NECESSÁRIAS PARA GARANTIR A CONSTRUÇÃO DO CENTRO DO AUTISMO E INCLUSÃO DA FUNDAÇÃO HELENA ANTIPOFF.;100000,00;0,00;100000,00
Belo Horizonte;Ibirité;SECRETARIA DE ESTADO DE EDUCAÇÃO - SEE;FUNDAÇÃO HELENA ANTIPOFF - FHA;CENTRO DE PESQUISA AMBIENTAL E INOVAÇÃO TECNOLÓGICA;PLANEJAR E ELABORAR ESTUDOS E PROJETOS DE ARQUITETURA E ENGENHARIA, INCLUINDO AS INTERVENÇÕES FÍSICAS NECESSÁRIAS PARA GARANTIR A CONSTRUÇÃO DO CENTRO DE PESQUISA AMBIENTAL E INOVAÇÃO TECNOLÓGICA PROFESSORA HELENA ANTIPOFF.;10000,00;0,00;10000,00
Estadual;Diversos Municípios - Estadual;SECRETARIA DE ESTADO DE INFRAESTRUTURA, MOBILIDADE E PARCERIA - SEINFRA;DEPARTAMENTO DE ESTRADAS DE RODAGEM DO ESTADO DE MINAS GERAIS - DER-MG;MITIGAÇÃO DE DANOS PONTUAIS NAS RODOVIAS;PONTOS CRÍTICOS DE DIVERSOS TRECHOS (A DEFINIR);0,00;19820000,00;19820000,00
Belo Horizonte;Conceição do Mato Dentro;SECRETARIA DE ESTADO DE INFRAESTRUTURA, MOBILIDADE E PARCERIA - SEINFRA;DEPARTAMENTO DE ESTRADAS DE RODAGEM DO ESTADO DE MINAS GERAIS - DER-MG;AMPLIAÇÃO DE CAPACIDADE DA MALHA E RESTAURAÇÃO DO PAVIMENTO;MG-010 ( CONCEIÇÃO MATO DENTRO A SERRO );0,00;18000000,00;18000000,00
Belo Horizonte;Conceição do Mato Dentro;SECRETARIA DE ESTADO DE INFRAESTRUTURA, MOBILIDADE E PARCERIA - SEINFRA;DEPARTAMENTO DE ESTRADAS DE RODAGEM DO ESTADO DE MINAS GERAIS - DER-MG;;RESTAURAÇÃO CONGONHAS DO NORTE - CONCEIÇÃO DO MATO DENTRO, LMG-739;0,00;4800000,00;4800000,00
Belo Horizonte;Ouro Preto;SECRETARIA DE ESTADO DE INFRAESTRUTURA, MOBILIDADE E PARCERIA - SEINFRA;DEPARTAMENTO DE ESTRADAS DE RODAGEM DO ESTADO DE MINAS GERAIS - DER-MG;;MG-129 ( OURO PRETO A OURO BRANCO );0,00;18000000,00;18000000,00
Ipatinga;Timóteo;SECRETARIA DE ESTADO DE INFRAESTRUTURA, MOBILIDADE E PARCERIA - SEINFRA;DEPARTAMENTO DE ESTRADAS DE RODAGEM DO ESTADO DE MINAS GERAIS - DER-MG;;LMG-760 ( TIMÓTEO A ENTR\degree LMG-760 (CAVA GRANDE) );0,00;5300000,00;5300000,00
Patos de Minas;Patos de Minas;SECRETARIA DE ESTADO DE INFRAESTRUTURA, MOBILIDADE E PARCERIA - SEINFRA;DEPARTAMENTO DE ESTRADAS DE RODAGEM DO ESTADO DE MINAS GERAIS - DER-MG;;RESTAURAÇÃO PATOS DE MINAS (ENTR. BR-365) - ENTR. MG-410;9700660,00;0,00;9700660,00
Patos de Minas;Patos de Minas;SECRETARIA DE ESTADO DE INFRAESTRUTURA, MOBILIDADE E PARCERIA - SEINFRA;DEPARTAMENTO DE ESTRADAS DE RODAGEM DO ESTADO DE MINAS GERAIS - DER-MG;;RESTAURAÇÃO PATOS DE MINAS (ENTR. BR-365) - ENTR. MG-410;0,00;13299341,00;13299341,00
Uberaba;Iturama;SECRETARIA DE ESTADO DE INFRAESTRUTURA, MOBILIDADE E PARCERIA - SEINFRA;DEPARTAMENTO DE ESTRADAS DE RODAGEM DO ESTADO DE MINAS GERAIS - DER-MG;;RESTAURAÇÃO ITURAMA (ENTR. MG-255/426) - ENTR. BR-461(B);0,00;3805000,00;3805000,00
Varginha;Cássia;SECRETARIA DE ESTADO DE INFRAESTRUTURA, MOBILIDADE E PARCERIA - SEINFRA;DEPARTAMENTO DE ESTRADAS DE RODAGEM DO ESTADO DE MINAS GERAIS - DER-MG;;RESTAURAÇÃO ENTR. MG-344 (CÁSSIA) - DIVISA MG/SP, NA MG-444;0,00;13500000,00;13500000,00
Juíz de Fora;Juiz de Fora;SECRETARIA DE ESTADO DE INFRAESTRUTURA, MOBILIDADE E PARCERIA - SEINFRA;DEPARTAMENTO DE ESTRADAS DE RODAGEM DO ESTADO DE MINAS GERAIS - DER-MG;IMPLANTAÇÃO E RESTAURAÇÃO DE OBRAS DE ARTES ESPECIAIS;PONTE SOBRE O RIO PARAIBUNA (ALARGAMENTO), TRECHO MATIAS BARBOSA - JUIZ DE FORA;0,00;684250,00;684250,00
Juíz de Fora;Pedra Bonita;SECRETARIA DE ESTADO DE INFRAESTRUTURA, MOBILIDADE E PARCERIA - SEINFRA;DEPARTAMENTO DE ESTRADAS DE RODAGEM DO ESTADO DE MINAS GERAIS - DER-MG;;PONTE SOBRE O RIO MATIPÓ, TRECHO ENTR. BR-262 (PADRE FIALHO) - PEDRA BONITA;0,00;500000,00;500000,00
Varginha;Cordislândia;SECRETARIA DE ESTADO DE INFRAESTRUTURA, MOBILIDADE E PARCERIA - SEINFRA;DEPARTAMENTO DE ESTRADAS DE RODAGEM DO ESTADO DE MINAS GERAIS - DER-MG;;PONTE RIO SAPUCAÍ (CORDISLÂNDIA - CARVALHÓPOLIS) LOTE 1;0,00;5950000,00;5950000,00
Varginha;Cordislândia;SECRETARIA DE ESTADO DE INFRAESTRUTURA, MOBILIDADE E PARCERIA - SEINFRA;DEPARTAMENTO DE ESTRADAS DE RODAGEM DO ESTADO DE MINAS GERAIS - DER-MG;;PONTE RIO SAPUCAÍ (CORDISLÂNDIA - CARVALHÓPOLIS) LOTE 2;0,00;880000,00;880000,00
Estadual;Diversos Municípios - Estadual;SECRETARIA DE ESTADO DE INFRAESTRUTURA, MOBILIDADE E PARCERIA - SEINFRA;DEPARTAMENTO DE ESTRADAS DE RODAGEM DO ESTADO DE MINAS GERAIS - DER-MG;IMPLANTAÇÃO/PAVIMENTAÇÃO DA MALHA;PROTOCOLO DE INTENÇÕES;0,00;20002000,00;20002000,00
Belo Horizonte;Sabará;SECRETARIA DE ESTADO DE INFRAESTRUTURA, MOBILIDADE E PARCERIA - SEINFRA;DEPARTAMENTO DE ESTRADAS DE RODAGEM DO ESTADO DE MINAS GERAIS - DER-MG;;"ELABORAÇÃO DE PROJETO EXECUTIVO DE ENGENHARIA RODOVIÁRIA, A CONSTRUÇÃO E MANUTENÇÃO DE ESTRADA DE USO PÚBLICO E PAVIMENTADA, COM EXTENSÃO APROXIMADA DE 4 KM, LIGANDO A RUA MARZAGÂNIA (PROLONGAMENTO DA AVENIDA DOS ANDRADAS, EM BELO HORIZONTE) AO ENTRONCAMENTO DA ESTRADA MGT-262, EM SABARÁ (DORAVANTE CHAMADA DE ""VIA DE LIGAÇAO"")";0,00;10000000,00;10000000,00
Divinópolis;Morada Nova de Minas;SECRETARIA DE ESTADO DE INFRAESTRUTURA, MOBILIDADE E PARCERIA - SEINFRA;DEPARTAMENTO DE ESTRADAS DE RODAGEM DO ESTADO DE MINAS GERAIS - DER-MG;;MORADA NOVA DE MINAS - PORTO NOVO (REPRESA) - ENTR. BR-040;2180000,00;0,00;2180000,00
Divinópolis;Pimenta;SECRETARIA DE ESTADO DE INFRAESTRUTURA, MOBILIDADE E PARCERIA - SEINFRA;DEPARTAMENTO DE ESTRADAS DE RODAGEM DO ESTADO DE MINAS GERAIS - DER-MG;;PIMENTA - ENTR. BR-265 (GUAPÉ) LOTE 01;7321500,00;0,00;7321500,00
Divinópolis;Pimenta;SECRETARIA DE ESTADO DE INFRAESTRUTURA, MOBILIDADE E PARCERIA - SEINFRA;DEPARTAMENTO DE ESTRADAS DE RODAGEM DO ESTADO DE MINAS GERAIS - DER-MG;;PIMENTA - ENTR. BR-265 (GUAPÉ) LOTE 01;39400000,00;0,00;39400000,00
Governador Valadares;Peçanha;SECRETARIA DE ESTADO DE INFRAESTRUTURA, MOBILIDADE E PARCERIA - SEINFRA;DEPARTAMENTO DE ESTRADAS DE RODAGEM DO ESTADO DE MINAS GERAIS - DER-MG;;MG-314 ( ENTR\degree MG/416 (PEÇANHA) A LMG/744 (COROACI);0,00;65000000,00;65000000,00
Governador Valadares;Santa Rita do Itueto;SECRETARIA DE ESTADO DE INFRAESTRUTURA, MOBILIDADE E PARCERIA - SEINFRA;DEPARTAMENTO DE ESTRADAS DE RODAGEM DO ESTADO DE MINAS GERAIS - DER-MG;;MUNICIPAL ( SANTA RITA DO ITUETO A ENTR. BR-259 (RESPLENDOR)(COMPLEMENTAÇÃO);0,00;35000000,00;35000000,00
Ipatinga;Marliéria;SECRETARIA DE ESTADO DE INFRAESTRUTURA, MOBILIDADE E PARCERIA - SEINFRA;DEPARTAMENTO DE ESTRADAS DE RODAGEM DO ESTADO DE MINAS GERAIS - DER-MG;;MARLIÉRIA - ENTR. LMG-760 (PARQUE ESTADUAL RIO DOCE);1135000,00;0,00;1135000,00
Juíz de Fora;Paula Cândido;SECRETARIA DE ESTADO DE INFRAESTRUTURA, MOBILIDADE E PARCERIA - SEINFRA;DEPARTAMENTO DE ESTRADAS DE RODAGEM DO ESTADO DE MINAS GERAIS - DER-MG;;PAULA CÂNDIDO - ENTR. MG-124 (DIVINÉSIA);1180000,00;0,00;1180000,00
Juíz de Fora;Pedra Bonita;SECRETARIA DE ESTADO DE INFRAESTRUTURA, MOBILIDADE E PARCERIA - SEINFRA;DEPARTAMENTO DE ESTRADAS DE RODAGEM DO ESTADO DE MINAS GERAIS - DER-MG;;LMG-840 (PEDRA BONITA A ENTR\degree BR-116 E VARIANTE);0,00;15000000,00;15000000,00
Montes Claros;Januária;SECRETARIA DE ESTADO DE INFRAESTRUTURA, MOBILIDADE E PARCERIA - SEINFRA;DEPARTAMENTO DE ESTRADAS DE RODAGEM DO ESTADO DE MINAS GERAIS - DER-MG;;JANUÁRIA - TEJUCO - PANDEIROS, NA MGC-479;48350000,00;0,00;48350000,00
Montes Claros;Rio Pardo de Minas;SECRETARIA DE ESTADO DE INFRAESTRUTURA, MOBILIDADE E PARCERIA - SEINFRA;DEPARTAMENTO DE ESTRADAS DE RODAGEM DO ESTADO DE MINAS GERAIS - DER-MG;;INTERVENÇÃO RIO PARDO DE MINAS E MATO VERDE (PROIR/BB - CONTRATO N\degree 20/00021-9 / SIAFI N\degree 9008999);0,00;7831864,00;7831864,00
Montes Claros;Rio Pardo de Minas;SECRETARIA DE ESTADO DE INFRAESTRUTURA, MOBILIDADE E PARCERIA - SEINFRA;DEPARTAMENTO DE ESTRADAS DE RODAGEM DO ESTADO DE MINAS GERAIS - DER-MG;;RIO PARDO DE MINAS - ENTR. LMG-635 (MATO VERDE), RODOVIA LMG-629 (LOTE 01);1270000,00;0,00;1270000,00
Patos de Minas;Paracatu;SECRETARIA DE ESTADO DE INFRAESTRUTURA, MOBILIDADE E PARCERIA - SEINFRA;DEPARTAMENTO DE ESTRADAS DE RODAGEM DO ESTADO DE MINAS GERAIS - DER-MG;;TRECHO ENTR\degree LMG-690 (PARACATU) - ENTR\degree ENTRE RIBEIROS (DISTRITO) - ENTR\degree MG-181 (ESTACA 1250 A 2000), COM 15 KM DE EXTENSÃO;0,00;14002000,00;14002000,00
Patos de Minas;Paracatu;SECRETARIA DE ESTADO DE INFRAESTRUTURA, MOBILIDADE E PARCERIA - SEINFRA;DEPARTAMENTO DE ESTRADAS DE RODAGEM DO ESTADO DE MINAS GERAIS - DER-MG;;PARACATU - ENTRE RIBEIROS - ENTR. MG-181 (LOTE 01);2700000,00;0,00;2700000,00
Patos de Minas;Paracatu;SECRETARIA DE ESTADO DE INFRAESTRUTURA, MOBILIDADE E PARCERIA - SEINFRA;DEPARTAMENTO DE ESTRADAS DE RODAGEM DO ESTADO DE MINAS GERAIS - DER-MG;;PARACATU - ENTRE RIBEIROS (LOTE 02) 25 KM;3234000,00;0,00;3234000,00
Patos de Minas;Patrocínio;SECRETARIA DE ESTADO DE INFRAESTRUTURA, MOBILIDADE E PARCERIA - SEINFRA;DEPARTAMENTO DE ESTRADAS DE RODAGEM DO ESTADO DE MINAS GERAIS - DER-MG;;INTERSEÇÃO PARA PATROCÍNIO - TREVO DE ENXÓ, KM 105, NO TRECHO ENTR. MG-187 - ENTR. BR-365, NA RODOVIA MG-230;1062000,00;0,00;1062000,00
Pouso Alegre;Cambuí;SECRETARIA DE ESTADO DE INFRAESTRUTURA, MOBILIDADE E PARCERIA - SEINFRA;DEPARTAMENTO DE ESTRADAS DE RODAGEM DO ESTADO DE MINAS GERAIS - DER-MG;;CAMBUÍ - CONSOLAÇÃO, MG-295;135000,00;0,00;135000,00
Teófilo Otoni;Serro;SECRETARIA DE ESTADO DE INFRAESTRUTURA, MOBILIDADE E PARCERIA - SEINFRA;DEPARTAMENTO DE ESTRADAS DE RODAGEM DO ESTADO DE MINAS GERAIS - DER-MG;;"ALÇA CONTORNO BAIRRO MACHADINHO) - ENTR\degree MG-010, COM 1,36 KM; META 2: RECUPERAÇÃO FUNCIONAL DO PAVIMENTO DO CONTORNO SUL DO SERRO, COM 7,8 KM DE EXTENSÃO";0,00;2917420,00;2917420,00
Uberaba;Itapagipe;SECRETARIA DE ESTADO DE INFRAESTRUTURA, MOBILIDADE E PARCERIA - SEINFRA;DEPARTAMENTO DE ESTRADAS DE RODAGEM DO ESTADO DE MINAS GERAIS - DER-MG;;ITAPAGIPE - ENTR. BR-364 (CAMPINA VERDE), MGC-154;3800000,00;0,00;3800000,00
Uberlândia;Canápolis;SECRETARIA DE ESTADO DE INFRAESTRUTURA, MOBILIDADE E PARCERIA - SEINFRA;DEPARTAMENTO DE ESTRADAS DE RODAGEM DO ESTADO DE MINAS GERAIS - DER-MG;;ACESSO CMAA - TREVO DE CANÁPOLIS;90000,00;0,00;90000,00
Uberlândia;Uberlândia;SECRETARIA DE ESTADO DE INFRAESTRUTURA, MOBILIDADE E PARCERIA - SEINFRA;DEPARTAMENTO DE ESTRADAS DE RODAGEM DO ESTADO DE MINAS GERAIS - DER-MG;;INTERVENÇÃO CONTORNO SUL DE UBERLÂNDIA (PROINVESTE/BNDES - CONTRATO N\degree 12.2.1075.1 / SIAFI N\degree 9001784);0,00;2020459,00;2020459,00
Uberlândia;Uberlândia;SECRETARIA DE ESTADO DE INFRAESTRUTURA, MOBILIDADE E PARCERIA - SEINFRA;DEPARTAMENTO DE ESTRADAS DE RODAGEM DO ESTADO DE MINAS GERAIS - DER-MG;;CONTORNO SUL DE UBERLÂNDIA;24930000,00;0,00;24930000,00
Belo Horizonte;Sete Lagoas;SECRETARIA DE ESTADO DE INFRAESTRUTURA, MOBILIDADE E PARCERIA - SEINFRA;DEPARTAMENTO DE ESTRADAS DE RODAGEM DO ESTADO DE MINAS GERAIS - DER-MG;CONSTRUÇÃO E ADEQUAÇÃO DE RODOVIAS - RECUPERAÇÃO BRUMADINHO;SETE LAGOAS - ARAÇAÍ;0,00;25000000,00;25000000,00
Divinópolis;Pimenta;SECRETARIA DE ESTADO DE INFRAESTRUTURA, MOBILIDADE E PARCERIA - SEINFRA;DEPARTAMENTO DE ESTRADAS DE RODAGEM DO ESTADO DE MINAS GERAIS - DER-MG;;PIMENTA - GUAPÉ;0,00;12250000,00;12250000,00
Montes Claros;Curral de Dentro;SECRETARIA DE ESTADO DE INFRAESTRUTURA, MOBILIDADE E PARCERIA - SEINFRA;DEPARTAMENTO DE ESTRADAS DE RODAGEM DO ESTADO DE MINAS GERAIS - DER-MG;;CURRAL DE DENTRO - MIRANDÓPOLIS;0,00;30000000,00;30000000,00
Montes Claros;Manga;SECRETARIA DE ESTADO DE INFRAESTRUTURA, MOBILIDADE E PARCERIA - SEINFRA;DEPARTAMENTO DE ESTRADAS DE RODAGEM DO ESTADO DE MINAS GERAIS - DER-MG;;PONTE SOBRE O RIO SÃO FRANCISCO ENTRE MGC135 - PORTO MATIAS CARDOSO (MANGA);0,00;40000000,00;40000000,00
Montes Claros;Pintópolis;SECRETARIA DE ESTADO DE INFRAESTRUTURA, MOBILIDADE E PARCERIA - SEINFRA;DEPARTAMENTO DE ESTRADAS DE RODAGEM DO ESTADO DE MINAS GERAIS - DER-MG;;COMPLEMENTAÇÃO DO MELHORAMENTO E PAVIMENTAÇÃO DO TRECHO PINTÓPOLIS - URUCUIA (LOTE 02) - 51,44M;0,00;31517258,00;31517258,00
Montes Claros;Rio Pardo de Minas;SECRETARIA DE ESTADO DE INFRAESTRUTURA, MOBILIDADE E PARCERIA - SEINFRA;DEPARTAMENTO DE ESTRADAS DE RODAGEM DO ESTADO DE MINAS GERAIS - DER-MG;;RIO PARDO DE MINAS - SANTO ANTÔNIO DO RETIRO;0,00;25000000,00;25000000,00
Montes Claros;São Francisco;SECRETARIA DE ESTADO DE INFRAESTRUTURA, MOBILIDADE E PARCERIA - SEINFRA;DEPARTAMENTO DE ESTRADAS DE RODAGEM DO ESTADO DE MINAS GERAIS - DER-MG;;PONTE SOBRE O RIO SÃO FRANCISCO EM SÃO FRANCISCO;0,00;27700000,00;27700000,00
Montes Claros;São Romão;SECRETARIA DE ESTADO DE INFRAESTRUTURA, MOBILIDADE E PARCERIA - SEINFRA;DEPARTAMENTO DE ESTRADAS DE RODAGEM DO ESTADO DE MINAS GERAIS - DER-MG;;ELABORAÇÃO DE PROJETO DE ENGENHARIA RODOVIÁRIA PARA IMPLANTAÇÃO, MELHORAMENTO, PAVIMENTAÇÃO E OBRA DE ARTE ESPECIAL (PONTE SOBRE O RIO SÃO FRANCISCO E VARIANTE), TRECHO ENTR. MG - 161 (SÃO ROMÃO) - ENTR. MG-161 (PORTO DE SÃO ROMÃO);0,00;300000,00;300000,00
Patos de Minas;Paracatu;SECRETARIA DE ESTADO DE INFRAESTRUTURA, MOBILIDADE E PARCERIA - SEINFRA;DEPARTAMENTO DE ESTRADAS DE RODAGEM DO ESTADO DE MINAS GERAIS - DER-MG;;ENTRE RIBEIROS - PARACATU;0,00;16000000,00;16000000,00
Uberlândia;Araguari;SECRETARIA DE ESTADO DE INFRAESTRUTURA, MOBILIDADE E PARCERIA - SEINFRA;DEPARTAMENTO DE ESTRADAS DE RODAGEM DO ESTADO DE MINAS GERAIS - DER-MG;;ARAGUARI - AMANHECE;0,00;20000000,00;20000000,00
Uberlândia;Uberlândia;SECRETARIA DE ESTADO DE INFRAESTRUTURA, MOBILIDADE E PARCERIA - SEINFRA;DEPARTAMENTO DE ESTRADAS DE RODAGEM DO ESTADO DE MINAS GERAIS - DER-MG;;UBERLÂNDIA - CAMPO FLORIDO (COMPLEMENTAÇÃO);0,00;30000000,00;30000000,00
Estadual;Diversos Municípios - Estadual;SECRETARIA DE ESTADO DE INFRAESTRUTURA, MOBILIDADE E PARCERIA - SEINFRA;DEPARTAMENTO DE ESTRADAS DE RODAGEM DO ESTADO DE MINAS GERAIS - DER-MG;CONSERVAÇÃO ROTINEIRA DA MALHA VIÁRIA;CONSERVAÇÃO DA MALHA VIÁRIA DAS 40$^a$ URG´S;0,00;347605868,00;347605868,00
Estadual;Diversos Municípios - Estadual;SECRETARIA DE ESTADO DE INFRAESTRUTURA, MOBILIDADE E PARCERIA - SEINFRA;DEPARTAMENTO DE ESTRADAS DE RODAGEM DO ESTADO DE MINAS GERAIS - DER-MG;;CONSERVAÇÃO DA MALHA VIÁRIA DAS 40$^a$ URG´S;0,00;92765085,00;92765085,00
Estadual;Diversos Municípios - Estadual;SECRETARIA DE ESTADO DE INFRAESTRUTURA, MOBILIDADE E PARCERIA - SEINFRA;DEPARTAMENTO DE ESTRADAS DE RODAGEM DO ESTADO DE MINAS GERAIS - DER-MG;;MANUTENÇÃO LMG800 E MG424 - LINHA VERDE E COMPLEXO CIDADE ADMINISTRATIVA;0,00;672141,00;672141,00
Estadual;Diversos Municípios - Estadual;SECRETARIA DE ESTADO DE INFRAESTRUTURA, MOBILIDADE E PARCERIA - SEINFRA;DEPARTAMENTO DE ESTRADAS DE RODAGEM DO ESTADO DE MINAS GERAIS - DER-MG;;REALINHAMENTO DE PREÇOS DO FORNECIMENTO DO MATERIAL BETUMINOSO;0,00;1008211,00;1008211,00
Barbacena;Barbacena;SECRETARIA DE ESTADO DE INFRAESTRUTURA, MOBILIDADE E PARCERIA - SEINFRA;DEPARTAMENTO DE ESTRADAS DE RODAGEM DO ESTADO DE MINAS GERAIS - DER-MG;;04$^a$ URG BARBACENA;0,00;13000000,00;13000000,00
Belo Horizonte;Belo Horizonte;SECRETARIA DE ESTADO DE INFRAESTRUTURA, MOBILIDADE E PARCERIA - SEINFRA;DEPARTAMENTO DE ESTRADAS DE RODAGEM DO ESTADO DE MINAS GERAIS - DER-MG;;01$^a$ URG BELO HORIZONTE - SUL;0,00;18000000,00;18000000,00
Belo Horizonte;Belo Horizonte;SECRETARIA DE ESTADO DE INFRAESTRUTURA, MOBILIDADE E PARCERIA - SEINFRA;DEPARTAMENTO DE ESTRADAS DE RODAGEM DO ESTADO DE MINAS GERAIS - DER-MG;;01$^a$ URG BELO HORIZONTE - NORTE;0,00;18000000,00;18000000,00
Belo Horizonte;Itabira;SECRETARIA DE ESTADO DE INFRAESTRUTURA, MOBILIDADE E PARCERIA - SEINFRA;DEPARTAMENTO DE ESTRADAS DE RODAGEM DO ESTADO DE MINAS GERAIS - DER-MG;;12$^a$ URG - CONSERVAÇÃO ITABIRA;0,00;9894039,00;9894039,00
Divinópolis;Formiga;SECRETARIA DE ESTADO DE INFRAESTRUTURA, MOBILIDADE E PARCERIA - SEINFRA;DEPARTAMENTO DE ESTRADAS DE RODAGEM DO ESTADO DE MINAS GERAIS - DER-MG;;20$^a$ URG FORMIGA;0,00;21368107,00;21368107,00
Governador Valadares;Governador Valadares;SECRETARIA DE ESTADO DE INFRAESTRUTURA, MOBILIDADE E PARCERIA - SEINFRA;DEPARTAMENTO DE ESTRADAS DE RODAGEM DO ESTADO DE MINAS GERAIS - DER-MG;;23$^a$ URG - CONSERVAÇÃO GOVERNADOR VALADARES;0,00;8700000,00;8700000,00
Governador Valadares;Guanhães;SECRETARIA DE ESTADO DE INFRAESTRUTURA, MOBILIDADE E PARCERIA - SEINFRA;DEPARTAMENTO DE ESTRADAS DE RODAGEM DO ESTADO DE MINAS GERAIS - DER-MG;;2$^a$ URG - CONSERVAÇÃO GUANHÃES;0,00;8300000,00;8300000,00
Ipatinga;Coronel Fabriciano;SECRETARIA DE ESTADO DE INFRAESTRUTURA, MOBILIDADE E PARCERIA - SEINFRA;DEPARTAMENTO DE ESTRADAS DE RODAGEM DO ESTADO DE MINAS GERAIS - DER-MG;;40$^a$ URG - CONSERVAÇÃO CORONEL FABRICIANO;0,00;4640160,00;4640160,00
Juíz de Fora;Juiz de Fora;SECRETARIA DE ESTADO DE INFRAESTRUTURA, MOBILIDADE E PARCERIA - SEINFRA;DEPARTAMENTO DE ESTRADAS DE RODAGEM DO ESTADO DE MINAS GERAIS - DER-MG;;30$^a$ URG JUIZ DE FORA;0,00;20000000,00;20000000,00
Juíz de Fora;Manhumirim;SECRETARIA DE ESTADO DE INFRAESTRUTURA, MOBILIDADE E PARCERIA - SEINFRA;DEPARTAMENTO DE ESTRADAS DE RODAGEM DO ESTADO DE MINAS GERAIS - DER-MG;;29$^a$ URG - CONSERVAÇÃO MANHUMIRIM;0,00;2300000,00;2300000,00
Juíz de Fora;Ponte Nova;SECRETARIA DE ESTADO DE INFRAESTRUTURA, MOBILIDADE E PARCERIA - SEINFRA;DEPARTAMENTO DE ESTRADAS DE RODAGEM DO ESTADO DE MINAS GERAIS - DER-MG;;17$^a$ URG - CONSERVAÇÃO PONTE NOVA;0,00;20063634,00;20063634,00
Teófilo Otoni;Teófilo Otoni;SECRETARIA DE ESTADO DE INFRAESTRUTURA, MOBILIDADE E PARCERIA - SEINFRA;DEPARTAMENTO DE ESTRADAS DE RODAGEM DO ESTADO DE MINAS GERAIS - DER-MG;;28$^a$ URG TEÓFILO OTONI;0,00;13000000,00;13000000,00
Uberlândia;Ituiutaba;SECRETARIA DE ESTADO DE INFRAESTRUTURA, MOBILIDADE E PARCERIA - SEINFRA;DEPARTAMENTO DE ESTRADAS DE RODAGEM DO ESTADO DE MINAS GERAIS - DER-MG;;31$^a$ URG ITUIUTABA;0,00;9738747,00;9738747,00
Estadual;Diversos Municípios - Estadual;SECRETARIA DE ESTADO DE INFRAESTRUTURA, MOBILIDADE E PARCERIA - SEINFRA;DEPARTAMENTO DE ESTRADAS DE RODAGEM DO ESTADO DE MINAS GERAIS - DER-MG;REABILITAÇÃO DA MALHA VIÁRIA;REALINHAMENTO DE PREÇOS DO FORNECIMENTO DO MATERIAL BETUMINOSO;2500000,00;0,00;2500000,00
Barbacena;Capela Nova;SECRETARIA DE ESTADO DE INFRAESTRUTURA, MOBILIDADE E PARCERIA - SEINFRA;DEPARTAMENTO DE ESTRADAS DE RODAGEM DO ESTADO DE MINAS GERAIS - DER-MG;;MG-275 ( CAPELA NOVA A ENTR\degree BR-040 (CARANDAÍ);0,00;3954084,00;3954084,00
Governador Valadares;Sabinópolis;SECRETARIA DE ESTADO DE INFRAESTRUTURA, MOBILIDADE E PARCERIA - SEINFRA;DEPARTAMENTO DE ESTRADAS DE RODAGEM DO ESTADO DE MINAS GERAIS - DER-MG;;MGC-259 ( SABINÓPOLIS A SERRO );0,00;15225000,00;15225000,00
Juíz de Fora;Presidente Bernardes;SECRETARIA DE ESTADO DE INFRAESTRUTURA, MOBILIDADE E PARCERIA - SEINFRA;DEPARTAMENTO DE ESTRADAS DE RODAGEM DO ESTADO DE MINAS GERAIS - DER-MG;;MG-124 ( PRESIDENTE BERNARDES A ENTR\degree BR-482 (PORTO FIRME);0,00;9905000,00;9905000,00
Juíz de Fora;Santa Cruz do Escalvado;SECRETARIA DE ESTADO DE INFRAESTRUTURA, MOBILIDADE E PARCERIA - SEINFRA;DEPARTAMENTO DE ESTRADAS DE RODAGEM DO ESTADO DE MINAS GERAIS - DER-MG;;AMG-1705 ( SANTA CRUZ DO ESCALVADO A ENTR\degree MG-329 );0,00;11942813,00;11942813,00
Juíz de Fora;Sericita;SECRETARIA DE ESTADO DE INFRAESTRUTURA, MOBILIDADE E PARCERIA - SEINFRA;DEPARTAMENTO DE ESTRADAS DE RODAGEM DO ESTADO DE MINAS GERAIS - DER-MG;;LMG-845 ( SERICITA A ENTR\degree BR-262 );0,00;13408125,00;13408125,00
Montes Claros;Montes Claros;SECRETARIA DE ESTADO DE EDUCAÇÃO - SEE;UNIVERSIDADE ESTADUAL DE MONTES CLAROS - UNIMONTES;ASSESSORAMENTO E GERENCIAMENTO DE POLÍTICAS PÚBLICAS;PROJETOS DE COMBATE A INCENDIO E PANICO NO CAMPUS E CEPT;642200,00;0,00;642200,00
Montes Claros;Manga;SECRETARIA DE ESTADO DE EDUCAÇÃO - SEE;UNIVERSIDADE ESTADUAL DE MONTES CLAROS - UNIMONTES;OFERTA DE ENSINO TÉCNICO E PROFISSIONAL;CONSTRUÇÃO DE TALUDE NA ESCOLA DO BRASIL PROF. LAGOA SANTA;950000,00;0,00;950000,00
Patos de Minas;Unaí;SECRETARIA DE ESTADO DE EDUCAÇÃO - SEE;UNIVERSIDADE ESTADUAL DE MONTES CLAROS - UNIMONTES;;CONSTRUÇÃO DA ESCOLA DO BRAASIL PROF. EM UNAÍ;0,00;18799152,00;18799152,00
Montes Claros;Janaúba;SECRETARIA DE ESTADO DE EDUCAÇÃO - SEE;UNIVERSIDADE ESTADUAL DE MONTES CLAROS - UNIMONTES;OFERTA DE CURSOS DE GRADUAÇÃO;CONSTRUÇÃO DE TALUDE NA ESCOLA DO BRASIL PROF. EM JANAÚBA;2500000,00;0,00;2500000,00
Belo Horizonte;Belo Horizonte;SECRETARIA DE ESTADO DE SAÚDE - SES;FUNDAÇÃO CENTRO DE HEMATOLOGIA E HEMOTERAPIA DE MINAS GERAIS - HEMOMINAS;MODERNIZAÇÃO E/OU MELHORIA DA INFRAESTRUTURA FÍSICA E/OU TÉCNOLÓGICA DAS UNIDADES DA FUNDAÇÃO HEMOMINAS;PROJETOS EXECUTIVOS PARA DIVERSAS UNIDADE DA FUNDACAO;5426250,00;0,00;5426250,00
Juíz de Fora;Ponte Nova;SECRETARIA DE ESTADO DE SAÚDE - SES;FUNDAÇÃO CENTRO DE HEMATOLOGIA E HEMOTERAPIA DE MINAS GERAIS - HEMOMINAS;;OBRA PARA UNIDADE DE PONTE NOVA;491086,00;333000,00;824086,00
Belo Horizonte;Belo Horizonte;ASSEMBLEIA LEGISLATIVA DO ESTADO DE MINAS GERAIS - ALMG;INSTITUTO DE PREVIDÊNCIA DO LEGISLATIVO DO ESTADO DE MINAS GERAIS - IPLEMG;RESERVA TÉCNICA;RECURSO AGUARDANDO FINALIZAÇÃO DO PROJETO;0,00;4754406,00;4754406,00
Belo Horizonte;Diversos Municípios - Região Intermediária de Belo Horizonte;SECRETARIA DE ESTADO DE INFRAESTRUTURA, MOBILIDADE E PARCERIA - SEINFRA;AGÊNCIA DE DESENVOLVIMENTO DA REGIÃO METROPOLITANA DE BELO HORIZONTE - AGÊNCIA RMBH;;OBRA EM VESPASIANO;0,00;14526527,00;14526527,00
Divinópolis;Pitangui;SECRETARIA DE ESTADO DE AGRICULTURA, PECUÁRIA E ABASTECIMENTO - SEAPA;EMPRESA DE PESQUISA AGROPECUÁRIA DE MINAS GERAIS - EPAMIG;FORMAÇÃO SUPERIOR EM LATICÍNIOS E AGROPECUÁRIA DE PRECISÃO;MELHORIAS E ADEQUAÇÕES NA INFRAESTRUTURA DA PESQUISA;6848207,00;0,00;6848207,00
Juíz de Fora;Juiz de Fora;SECRETARIA DE ESTADO DE AGRICULTURA, PECUÁRIA E ABASTECIMENTO - SEAPA;EMPRESA DE PESQUISA AGROPECUÁRIA DE MINAS GERAIS - EPAMIG;;MELHORIAS E ADEQUAÇÕES NA INFRAESTRUTURA DA PESQUISA;2823750,00;0,00;2823750,00
Belo Horizonte;Belo Horizonte;SECRETARIA DE ESTADO DE AGRICULTURA, PECUÁRIA E ABASTECIMENTO - SEAPA;EMPRESA DE PESQUISA AGROPECUÁRIA DE MINAS GERAIS - EPAMIG;DESENVOLVIMENTO DE PESQUISA AGROPECUÁRIA E AGROINDUSTRIAL;MELHORIAS E ADEQUAÇÕES NA INFRAESTRUTURA DA PESQUISA;0,00;41668,00;41668,00
Belo Horizonte;Prudente de Morais;SECRETARIA DE ESTADO DE AGRICULTURA, PECUÁRIA E ABASTECIMENTO - SEAPA;EMPRESA DE PESQUISA AGROPECUÁRIA DE MINAS GERAIS - EPAMIG;;MELHORIAS E ADEQUAÇÕES NA INFRAESTRUTURA DA PESQUISA;0,00;41667,00;41667,00
Juíz de Fora;Viçosa;SECRETARIA DE ESTADO DE AGRICULTURA, PECUÁRIA E ABASTECIMENTO - SEAPA;EMPRESA DE PESQUISA AGROPECUÁRIA DE MINAS GERAIS - EPAMIG;;MELHORIAS E ADEQUAÇÕES NA INFRAESTRUTURA DA PESQUISA;0,00;41666,00;41666,00
Montes Claros;Nova Porteirinha;SECRETARIA DE ESTADO DE AGRICULTURA, PECUÁRIA E ABASTECIMENTO - SEAPA;EMPRESA DE PESQUISA AGROPECUÁRIA DE MINAS GERAIS - EPAMIG;;MELHORIAS E ADEQUAÇÕES NA INFRAESTRUTURA DA PESQUISA;0,00;41666,00;41666,00
Uberaba;Uberaba;SECRETARIA DE ESTADO DE AGRICULTURA, PECUÁRIA E ABASTECIMENTO - SEAPA;EMPRESA DE PESQUISA AGROPECUÁRIA DE MINAS GERAIS - EPAMIG;;MELHORIAS E ADEQUAÇÕES NA INFRAESTRUTURA DA PESQUISA;0,00;41666,00;41666,00
Varginha;Lavras;SECRETARIA DE ESTADO DE AGRICULTURA, PECUÁRIA E ABASTECIMENTO - SEAPA;EMPRESA DE PESQUISA AGROPECUÁRIA DE MINAS GERAIS - EPAMIG;;MELHORIAS E ADEQUAÇÕES NA INFRAESTRUTURA DA PESQUISA;0,00;41667,00;41667,00
Estadual;Diversos Municípios - Estadual;TRIBUNAL DE JUSTIÇA DO ESTADO DE MINAS GERAIS - TJMG;FUNDO ESPECIAL DO PODER JUDICIÁRIO DO ESTADO DE MINAS GERAIS - FEPJ;OBRAS E GESTÃO PREDIAL;SERVIÇO TÉCNICO PROFISSIONAL ESPECIALIZADO DE ELABORAÇÃO DE PROJETOS PARA CONSTRUÇÕES, AMPLIAÇÕES E/OU REFORMAS DE EDIFICAÇÕES DO TRIBUNAL EM DIVERSAS COMARCAS.;0,00;1793344,00;1793344,00
Estadual;Diversos Municípios - Estadual;TRIBUNAL DE JUSTIÇA DO ESTADO DE MINAS GERAIS - TJMG;FUNDO ESPECIAL DO PODER JUDICIÁRIO DO ESTADO DE MINAS GERAIS - FEPJ;;SERVIÇO TÉCNICO PROFISSIONAL ESPECIALIZADO DE ELABORAÇÃO DE PROJETOS PARA CONSTRUÇÕES, AMPLIAÇÕES E/OU REFORMAS DE EDIFICAÇÕES DO TRIBUNAL EM DIVERSAS COMARCAS.;0,00;2475441,00;2475441,00
Estadual;Diversos Municípios - Estadual;TRIBUNAL DE JUSTIÇA DO ESTADO DE MINAS GERAIS - TJMG;FUNDO ESPECIAL DO PODER JUDICIÁRIO DO ESTADO DE MINAS GERAIS - FEPJ;;SERVIÇO TÉCNICO PROFISSIONAL ESPECIALIZADO DE ELABORAÇÃO DE PROJETOS PARA CONSTRUÇÕES, AMPLIAÇÕES E/OU REFORMAS DE EDIFICAÇÕES DO TRIBUNAL EM DIVERSAS COMARCAS.;0,00;20000,00;20000,00
Estadual;Diversos Municípios - Estadual;TRIBUNAL DE JUSTIÇA DO ESTADO DE MINAS GERAIS - TJMG;FUNDO ESPECIAL DO PODER JUDICIÁRIO DO ESTADO DE MINAS GERAIS - FEPJ;;SERVIÇO TÉCNICO PROFISSIONAL ESPECIALIZADO DE ELABORAÇÃO DE PROJETOS PARA CONSTRUÇÕES, AMPLIAÇÕES E/OU REFORMAS DE EDIFICAÇÕES DO TRIBUNAL EM DIVERSAS COMARCAS.;0,00;336899,00;336899,00
Estadual;Diversos Municípios - Estadual;TRIBUNAL DE JUSTIÇA DO ESTADO DE MINAS GERAIS - TJMG;FUNDO ESPECIAL DO PODER JUDICIÁRIO DO ESTADO DE MINAS GERAIS - FEPJ;;SERVIÇO TÉCNICO PROFISSIONAL ESPECIALIZADO DE ELABORAÇÃO DE PROJETOS PARA CONSTRUÇÕES, AMPLIAÇÕES E/OU REFORMAS DE EDIFICAÇÕES DO TRIBUNAL EM DIVERSAS COMARCAS.;0,00;65376,00;65376,00
Estadual;Diversos Municípios - Estadual;TRIBUNAL DE JUSTIÇA DO ESTADO DE MINAS GERAIS - TJMG;FUNDO ESPECIAL DO PODER JUDICIÁRIO DO ESTADO DE MINAS GERAIS - FEPJ;;SERVIÇO TÉCNICO PROFISSIONAL ESPECIALIZADO DE ELABORAÇÃO DE PROJETOS PARA CONSTRUÇÕES, AMPLIAÇÕES E/OU REFORMAS DE EDIFICAÇÕES DO TRIBUNAL EM DIVERSAS COMARCAS.;0,00;136000,00;136000,00
Estadual;Diversos Municípios - Estadual;TRIBUNAL DE JUSTIÇA DO ESTADO DE MINAS GERAIS - TJMG;FUNDO ESPECIAL DO PODER JUDICIÁRIO DO ESTADO DE MINAS GERAIS - FEPJ;;SERVIÇO TÉCNICO PROFISSIONAL ESPECIALIZADO DE ELABORAÇÃO DE PROJETOS PARA CONSTRUÇÕES, AMPLIAÇÕES E/OU REFORMAS DE EDIFICAÇÕES DO TRIBUNAL EM DIVERSAS COMARCAS.;0,00;1024702,00;1024702,00
Estadual;Diversos Municípios - Estadual;TRIBUNAL DE JUSTIÇA DO ESTADO DE MINAS GERAIS - TJMG;FUNDO ESPECIAL DO PODER JUDICIÁRIO DO ESTADO DE MINAS GERAIS - FEPJ;;SERVIÇO TÉCNICO PROFISSIONAL ESPECIALIZADO DE ELABORAÇÃO DE PROJETOS PARA CONSTRUÇÕES, AMPLIAÇÕES E/OU REFORMAS DE EDIFICAÇÕES DO TRIBUNAL EM DIVERSAS COMARCAS.;0,00;200000,00;200000,00
Estadual;Diversos Municípios - Estadual;TRIBUNAL DE JUSTIÇA DO ESTADO DE MINAS GERAIS - TJMG;FUNDO ESPECIAL DO PODER JUDICIÁRIO DO ESTADO DE MINAS GERAIS - FEPJ;;SERVIÇO TÉCNICO PROFISSIONAL ESPECIALIZADO DE ELABORAÇÃO DE PROJETOS PARA CONSTRUÇÕES, AMPLIAÇÕES E/OU REFORMAS DE EDIFICAÇÕES DO TRIBUNAL EM DIVERSAS COMARCAS.;0,00;96000,00;96000,00
Estadual;Diversos Municípios - Estadual;TRIBUNAL DE JUSTIÇA DO ESTADO DE MINAS GERAIS - TJMG;FUNDO ESPECIAL DO PODER JUDICIÁRIO DO ESTADO DE MINAS GERAIS - FEPJ;;SERVIÇO TÉCNICO PROFISSIONAL ESPECIALIZADO DE ELABORAÇÃO DE PROJETOS PARA CONSTRUÇÕES, AMPLIAÇÕES E/OU REFORMAS DE EDIFICAÇÕES DO TRIBUNAL EM DIVERSAS COMARCAS.;0,00;346667,00;346667,00
Estadual;Diversos Municípios - Estadual;TRIBUNAL DE JUSTIÇA DO ESTADO DE MINAS GERAIS - TJMG;FUNDO ESPECIAL DO PODER JUDICIÁRIO DO ESTADO DE MINAS GERAIS - FEPJ;;SERVIÇO TÉCNICO PROFISSIONAL ESPECIALIZADO DE ELABORAÇÃO DE PROJETOS PARA CONSTRUÇÕES, AMPLIAÇÕES E/OU REFORMAS DE EDIFICAÇÕES DO TRIBUNAL EM DIVERSAS COMARCAS.;0,00;150000,00;150000,00
Barbacena;Barbacena;TRIBUNAL DE JUSTIÇA DO ESTADO DE MINAS GERAIS - TJMG;FUNDO ESPECIAL DO PODER JUDICIÁRIO DO ESTADO DE MINAS GERAIS - FEPJ;;SERVIÇO TÉCNICO PROFISSIONAL ESPECIALIZADO DE ELABORAÇÃO DE PROJETOS PARA CONSTRUÇÕES, AMPLIAÇÕES E/OU REFORMAS DE EDIFICAÇÕES DO TRIBUNAL EM DIVERSAS COMARCAS.;0,00;2461706,00;2461706,00
Barbacena;Congonhas;TRIBUNAL DE JUSTIÇA DO ESTADO DE MINAS GERAIS - TJMG;FUNDO ESPECIAL DO PODER JUDICIÁRIO DO ESTADO DE MINAS GERAIS - FEPJ;;PRESTAÇÃO DE SERVIÇO POR EMPRESA DE ENGENHARIA ESPECIALIZADA PARA A ELABORAÇÃO DE ESTUDO, PROJETO EXECUTIVO, FORNECIMENTO, INSTALAÇÃO, COMISSIONAMENTO, MONITORAMENTO, ASSISTÊNCIA TÉCNICA EM GARANTIA E MANUTENÇÃO DE SISTEMAS DE GERAÇÃO DE ENERGIA FOTOVOLTAICA EM DIVERSAS EDIFICAÇÕES OCUPADAS PELO TJ.;0,00;2475943,00;2475943,00
Belo Horizonte;Belo Horizonte;TRIBUNAL DE JUSTIÇA DO ESTADO DE MINAS GERAIS - TJMG;FUNDO ESPECIAL DO PODER JUDICIÁRIO DO ESTADO DE MINAS GERAIS - FEPJ;;REFORMA GERAL - CT 189/2024;0,00;9352429,00;9352429,00
Belo Horizonte;Belo Horizonte;TRIBUNAL DE JUSTIÇA DO ESTADO DE MINAS GERAIS - TJMG;FUNDO ESPECIAL DO PODER JUDICIÁRIO DO ESTADO DE MINAS GERAIS - FEPJ;;REFORMA GERAL DO FÓRUM LAFAYETTE, EM BELO HORIZONTE/MG;0,00;45955617,00;45955617,00
Belo Horizonte;Belo Horizonte;TRIBUNAL DE JUSTIÇA DO ESTADO DE MINAS GERAIS - TJMG;FUNDO ESPECIAL DO PODER JUDICIÁRIO DO ESTADO DE MINAS GERAIS - FEPJ;;REFORMA GERAL DO FÓRUM LAFAYETTE, EM BELO HORIZONTE/MG;0,00;800000,00;800000,00
Belo Horizonte;Belo Horizonte;TRIBUNAL DE JUSTIÇA DO ESTADO DE MINAS GERAIS - TJMG;FUNDO ESPECIAL DO PODER JUDICIÁRIO DO ESTADO DE MINAS GERAIS - FEPJ;;EXECUÇÃO DA 4$^a$ (QUARTA) PARCELA DA REFORMA PARCIAL DO EDIFÍCIO-SEDE DO TRIBUNAL.;0,00;4184978,00;4184978,00
Belo Horizonte;Belo Horizonte;TRIBUNAL DE JUSTIÇA DO ESTADO DE MINAS GERAIS - TJMG;FUNDO ESPECIAL DO PODER JUDICIÁRIO DO ESTADO DE MINAS GERAIS - FEPJ;;MODERNIZAÇÃO DE QUATRO ELEVADORES (ANEXO I);0,00;2300000,00;2300000,00
Belo Horizonte;Belo Horizonte;TRIBUNAL DE JUSTIÇA DO ESTADO DE MINAS GERAIS - TJMG;FUNDO ESPECIAL DO PODER JUDICIÁRIO DO ESTADO DE MINAS GERAIS - FEPJ;;SERVIÇO TÉCNICO PROFISSIONAL ESPECIALIZADO DE ELABORAÇÃO DE PROJETOS PARA CONSTRUÇÕES, AMPLIAÇÕES E/OU REFORMAS DE EDIFICAÇÕES DO TRIBUNAL EM DIVERSAS COMARCAS.;0,00;2400000,00;2400000,00
Belo Horizonte;Belo Horizonte;TRIBUNAL DE JUSTIÇA DO ESTADO DE MINAS GERAIS - TJMG;FUNDO ESPECIAL DO PODER JUDICIÁRIO DO ESTADO DE MINAS GERAIS - FEPJ;;REFORMA PARCIAL NO 1° SUBSOLO DO EDIFÍCIO SEDE DO TRIBUNAL PARA INSTALAÇÃO DE NOVO DATA CENTER DE ALTA DISPONIBILIDADE.;0,00;28000000,00;28000000,00
Belo Horizonte;Belo Horizonte;TRIBUNAL DE JUSTIÇA DO ESTADO DE MINAS GERAIS - TJMG;FUNDO ESPECIAL DO PODER JUDICIÁRIO DO ESTADO DE MINAS GERAIS - FEPJ;;SERVIÇO TÉCNICO PROFISSIONAL ESPECIALIZADO DE ELABORAÇÃO DE PROJETOS PARA CONSTRUÇÕES, AMPLIAÇÕES E/OU REFORMAS DE EDIFICAÇÕES DO TRIBUNAL EM DIVERSAS COMARCAS.;0,00;2000000,00;2000000,00
Belo Horizonte;Belo Horizonte;TRIBUNAL DE JUSTIÇA DO ESTADO DE MINAS GERAIS - TJMG;FUNDO ESPECIAL DO PODER JUDICIÁRIO DO ESTADO DE MINAS GERAIS - FEPJ;;SERVIÇO TÉCNICO PROFISSIONAL ESPECIALIZADO DE ELABORAÇÃO DE PROJETOS PARA CONSTRUÇÕES, AMPLIAÇÕES E/OU REFORMAS DE EDIFICAÇÕES DO TRIBUNAL EM DIVERSAS COMARCAS.;0,00;4222222,00;4222222,00
Belo Horizonte;Belo Horizonte;TRIBUNAL DE JUSTIÇA DO ESTADO DE MINAS GERAIS - TJMG;FUNDO ESPECIAL DO PODER JUDICIÁRIO DO ESTADO DE MINAS GERAIS - FEPJ;;SERVIÇO TÉCNICO PROFISSIONAL ESPECIALIZADO DE ELABORAÇÃO DE PROJETOS PARA CONSTRUÇÕES, AMPLIAÇÕES E/OU REFORMAS DE EDIFICAÇÕES DO TRIBUNAL EM DIVERSAS COMARCAS.;0,00;493333,00;493333,00
Belo Horizonte;Belo Horizonte;TRIBUNAL DE JUSTIÇA DO ESTADO DE MINAS GERAIS - TJMG;FUNDO ESPECIAL DO PODER JUDICIÁRIO DO ESTADO DE MINAS GERAIS - FEPJ;;SERVIÇO TÉCNICO PROFISSIONAL ESPECIALIZADO DE ELABORAÇÃO DE PROJETOS PARA CONSTRUÇÕES, AMPLIAÇÕES E/OU REFORMAS DE EDIFICAÇÕES DO TRIBUNAL EM DIVERSAS COMARCAS.;0,00;2240000,00;2240000,00
Belo Horizonte;Belo Horizonte;TRIBUNAL DE JUSTIÇA DO ESTADO DE MINAS GERAIS - TJMG;FUNDO ESPECIAL DO PODER JUDICIÁRIO DO ESTADO DE MINAS GERAIS - FEPJ;;SERVIÇO TÉCNICO PROFISSIONAL ESPECIALIZADO DE ELABORAÇÃO DE PROJETOS PARA CONSTRUÇÕES, AMPLIAÇÕES E/OU REFORMAS DE EDIFICAÇÕES DO TRIBUNAL EM DIVERSAS COMARCAS.;0,00;150000,00;150000,00
Belo Horizonte;Betim;TRIBUNAL DE JUSTIÇA DO ESTADO DE MINAS GERAIS - TJMG;FUNDO ESPECIAL DO PODER JUDICIÁRIO DO ESTADO DE MINAS GERAIS - FEPJ;;SERVIÇO TÉCNICO PROFISSIONAL ESPECIALIZADO DE ELABORAÇÃO DE PROJETOS PARA CONSTRUÇÕES, AMPLIAÇÕES E/OU REFORMAS DE EDIFICAÇÕES DO TRIBUNAL EM DIVERSAS COMARCAS.;0,00;28494770,00;28494770,00
Belo Horizonte;Diversos Municípios - Região Intermediária de Belo Horizonte;TRIBUNAL DE JUSTIÇA DO ESTADO DE MINAS GERAIS - TJMG;FUNDO ESPECIAL DO PODER JUDICIÁRIO DO ESTADO DE MINAS GERAIS - FEPJ;;SERVIÇO TÉCNICO PROFISSIONAL ESPECIALIZADO DE ELABORAÇÃO DE PROJETOS PARA CONSTRUÇÕES, AMPLIAÇÕES E/OU REFORMAS DE EDIFICAÇÕES DO TRIBUNAL EM DIVERSAS COMARCAS.;0,00;150000,00;150000,00
Belo Horizonte;Itabirito;TRIBUNAL DE JUSTIÇA DO ESTADO DE MINAS GERAIS - TJMG;FUNDO ESPECIAL DO PODER JUDICIÁRIO DO ESTADO DE MINAS GERAIS - FEPJ;;OBRA DE CONSTRUÇÃO DO NOVO FÓRUM DA COMARCA DE ITABIRITO/MG.;0,00;7251804,00;7251804,00
Belo Horizonte;Sete Lagoas;TRIBUNAL DE JUSTIÇA DO ESTADO DE MINAS GERAIS - TJMG;FUNDO ESPECIAL DO PODER JUDICIÁRIO DO ESTADO DE MINAS GERAIS - FEPJ;;REFORMA E AMPLIAÇÃO DO FÓRUM DA COMARCA DE SETE LAGOAS/MG.;0,00;25902587,00;25902587,00
Divinópolis;Bambuí;TRIBUNAL DE JUSTIÇA DO ESTADO DE MINAS GERAIS - TJMG;FUNDO ESPECIAL DO PODER JUDICIÁRIO DO ESTADO DE MINAS GERAIS - FEPJ;;SERVIÇO TÉCNICO PROFISSIONAL ESPECIALIZADO DE ELABORAÇÃO DE PROJETOS PARA CONSTRUÇÕES, AMPLIAÇÕES E/OU REFORMAS DE EDIFICAÇÕES DO TRIBUNAL EM DIVERSAS COMARCAS.;0,00;188160,00;188160,00
Divinópolis;Itaúna;TRIBUNAL DE JUSTIÇA DO ESTADO DE MINAS GERAIS - TJMG;FUNDO ESPECIAL DO PODER JUDICIÁRIO DO ESTADO DE MINAS GERAIS - FEPJ;;SERVIÇO TÉCNICO PROFISSIONAL ESPECIALIZADO DE ELABORAÇÃO DE PROJETOS PARA CONSTRUÇÕES, AMPLIAÇÕES E/OU REFORMAS DE EDIFICAÇÕES DO TRIBUNAL EM DIVERSAS COMARCAS.;0,00;1793365,00;1793365,00
Divinópolis;Luz;TRIBUNAL DE JUSTIÇA DO ESTADO DE MINAS GERAIS - TJMG;FUNDO ESPECIAL DO PODER JUDICIÁRIO DO ESTADO DE MINAS GERAIS - FEPJ;;OBRA DE CONSTRUÇÃO DO NOVO FÓRUM DA COMARCA DE LUZ.;0,00;5647404,00;5647404,00
Divinópolis;Pará de Minas;TRIBUNAL DE JUSTIÇA DO ESTADO DE MINAS GERAIS - TJMG;FUNDO ESPECIAL DO PODER JUDICIÁRIO DO ESTADO DE MINAS GERAIS - FEPJ;;RETOMADA DA OBRA DE CONSTRUÇÃO DO NOVO PRÉDIO DO FÓRUM DA COMARCA DE PARÁ DE MINAS/MG;0,00;11362548,00;11362548,00
Divinópolis;Passa Tempo;TRIBUNAL DE JUSTIÇA DO ESTADO DE MINAS GERAIS - TJMG;FUNDO ESPECIAL DO PODER JUDICIÁRIO DO ESTADO DE MINAS GERAIS - FEPJ;;CONSTRUÇÃO DO NOVO FÓRUM DA COMARCA DE PASSA TEMPO/MG.;0,00;5337860,00;5337860,00
Governador Valadares;Governador Valadares;TRIBUNAL DE JUSTIÇA DO ESTADO DE MINAS GERAIS - TJMG;FUNDO ESPECIAL DO PODER JUDICIÁRIO DO ESTADO DE MINAS GERAIS - FEPJ;;CONSTRUÇÃO DO NOVO PRÉDIO DO FÓRUM DA COMARCA DE GOVERNADOR VALADARES;0,00;14922763,00;14922763,00
Governador Valadares;Sabinópolis;TRIBUNAL DE JUSTIÇA DO ESTADO DE MINAS GERAIS - TJMG;FUNDO ESPECIAL DO PODER JUDICIÁRIO DO ESTADO DE MINAS GERAIS - FEPJ;;CONSTRUÇÃO DO NOVO FÓRUM DA COMARCA DE SABINÓPOLIS.;0,00;6011363,00;6011363,00
Ipatinga;Coronel Fabriciano;TRIBUNAL DE JUSTIÇA DO ESTADO DE MINAS GERAIS - TJMG;FUNDO ESPECIAL DO PODER JUDICIÁRIO DO ESTADO DE MINAS GERAIS - FEPJ;;SERVIÇO TÉCNICO PROFISSIONAL ESPECIALIZADO DE ELABORAÇÃO DE PROJETOS PARA CONSTRUÇÕES, AMPLIAÇÕES E/OU REFORMAS DE EDIFICAÇÕES DO TRIBUNAL EM DIVERSAS COMARCAS.;0,00;387810,00;387810,00
Ipatinga;Ipatinga;TRIBUNAL DE JUSTIÇA DO ESTADO DE MINAS GERAIS - TJMG;FUNDO ESPECIAL DO PODER JUDICIÁRIO DO ESTADO DE MINAS GERAIS - FEPJ;;CONTRATO A EXECUÇÃO DA OBRA DE REFORMA E AMPLIAÇÃO DO FÓRUM DA COMARCA DE IPATINGA/MG;0,00;32205754,00;32205754,00
Ipatinga;Raul Soares;TRIBUNAL DE JUSTIÇA DO ESTADO DE MINAS GERAIS - TJMG;FUNDO ESPECIAL DO PODER JUDICIÁRIO DO ESTADO DE MINAS GERAIS - FEPJ;;CONSTRUÇÃO DO NOVO FÓRUM DA COMARCA DE RAUL SOARES/MG.;0,00;8346229,00;8346229,00
Ipatinga;Timóteo;TRIBUNAL DE JUSTIÇA DO ESTADO DE MINAS GERAIS - TJMG;FUNDO ESPECIAL DO PODER JUDICIÁRIO DO ESTADO DE MINAS GERAIS - FEPJ;;SERVIÇO TÉCNICO PROFISSIONAL ESPECIALIZADO DE ELABORAÇÃO DE PROJETOS PARA CONSTRUÇÕES, AMPLIAÇÕES E/OU REFORMAS DE EDIFICAÇÕES DO TRIBUNAL EM DIVERSAS COMARCAS.;0,00;4905262,00;4905262,00
Juíz de Fora;Carangola;TRIBUNAL DE JUSTIÇA DO ESTADO DE MINAS GERAIS - TJMG;FUNDO ESPECIAL DO PODER JUDICIÁRIO DO ESTADO DE MINAS GERAIS - FEPJ;;OBRA DE CONSTRUÇÃO DO NOVO FÓRUM DA COMARCA DE CARANGOLA.;0,00;14199113,00;14199113,00
Juíz de Fora;Juiz de Fora;TRIBUNAL DE JUSTIÇA DO ESTADO DE MINAS GERAIS - TJMG;FUNDO ESPECIAL DO PODER JUDICIÁRIO DO ESTADO DE MINAS GERAIS - FEPJ;;SERVIÇO TÉCNICO PROFISSIONAL ESPECIALIZADO DE ELABORAÇÃO DE PROJETOS PARA CONSTRUÇÕES, AMPLIAÇÕES E/OU REFORMAS DE EDIFICAÇÕES DO TRIBUNAL EM DIVERSAS COMARCAS.;0,00;25117922,00;25117922,00
Juíz de Fora;Rio Casca;TRIBUNAL DE JUSTIÇA DO ESTADO DE MINAS GERAIS - TJMG;FUNDO ESPECIAL DO PODER JUDICIÁRIO DO ESTADO DE MINAS GERAIS - FEPJ;;CONSTRUÇÃO DO NOVO FÓRUM DA COMARCA DE RIO CASCA/MG.;0,00;7731879,00;7731879,00
Montes Claros;Januária;TRIBUNAL DE JUSTIÇA DO ESTADO DE MINAS GERAIS - TJMG;FUNDO ESPECIAL DO PODER JUDICIÁRIO DO ESTADO DE MINAS GERAIS - FEPJ;;SERVIÇO TÉCNICO PROFISSIONAL ESPECIALIZADO DE ELABORAÇÃO DE PROJETOS PARA CONSTRUÇÕES, AMPLIAÇÕES E/OU REFORMAS DE EDIFICAÇÕES DO TRIBUNAL EM DIVERSAS COMARCAS.;0,00;1826357,00;1826357,00
Montes Claros;Pirapora;TRIBUNAL DE JUSTIÇA DO ESTADO DE MINAS GERAIS - TJMG;FUNDO ESPECIAL DO PODER JUDICIÁRIO DO ESTADO DE MINAS GERAIS - FEPJ;;SERVIÇO TÉCNICO PROFISSIONAL ESPECIALIZADO DE ELABORAÇÃO DE PROJETOS PARA CONSTRUÇÕES, AMPLIAÇÕES E/OU REFORMAS DE EDIFICAÇÕES DO TRIBUNAL EM DIVERSAS COMARCAS.;0,00;4905262,00;4905262,00
Montes Claros;Ponto Chique;TRIBUNAL DE JUSTIÇA DO ESTADO DE MINAS GERAIS - TJMG;FUNDO ESPECIAL DO PODER JUDICIÁRIO DO ESTADO DE MINAS GERAIS - FEPJ;;SERVIÇO TÉCNICO PROFISSIONAL ESPECIALIZADO DE ELABORAÇÃO DE PROJETOS PARA CONSTRUÇÕES, AMPLIAÇÕES E/OU REFORMAS DE EDIFICAÇÕES DO TRIBUNAL EM DIVERSAS COMARCAS.;0,00;481728,00;481728,00
Montes Claros;Salinas;TRIBUNAL DE JUSTIÇA DO ESTADO DE MINAS GERAIS - TJMG;FUNDO ESPECIAL DO PODER JUDICIÁRIO DO ESTADO DE MINAS GERAIS - FEPJ;;OBRA DE CONSTRUÇÃO DO NOVO FÓRUM DA COMARCA DE SALINAS/MG;0,00;5010975,00;5010975,00
Patos de Minas;Formoso;TRIBUNAL DE JUSTIÇA DO ESTADO DE MINAS GERAIS - TJMG;FUNDO ESPECIAL DO PODER JUDICIÁRIO DO ESTADO DE MINAS GERAIS - FEPJ;;SERVIÇO TÉCNICO PROFISSIONAL ESPECIALIZADO DE ELABORAÇÃO DE PROJETOS PARA CONSTRUÇÕES, AMPLIAÇÕES E/OU REFORMAS DE EDIFICAÇÕES DO TRIBUNAL EM DIVERSAS COMARCAS.;0,00;1560000,00;1560000,00
Patos de Minas;Unaí;TRIBUNAL DE JUSTIÇA DO ESTADO DE MINAS GERAIS - TJMG;FUNDO ESPECIAL DO PODER JUDICIÁRIO DO ESTADO DE MINAS GERAIS - FEPJ;;SERVIÇO TÉCNICO PROFISSIONAL ESPECIALIZADO DE ELABORAÇÃO DE PROJETOS PARA CONSTRUÇÕES, AMPLIAÇÕES E/OU REFORMAS DE EDIFICAÇÕES DO TRIBUNAL EM DIVERSAS COMARCAS.;0,00;918892,00;918892,00
Pouso Alegre;Caldas;TRIBUNAL DE JUSTIÇA DO ESTADO DE MINAS GERAIS - TJMG;FUNDO ESPECIAL DO PODER JUDICIÁRIO DO ESTADO DE MINAS GERAIS - FEPJ;;CONSTRUÇÃO DO NOVO FÓRUM DA COMARCA DE CALDAS/MG.;0,00;5684016,00;5684016,00
Pouso Alegre;Camanducaia;TRIBUNAL DE JUSTIÇA DO ESTADO DE MINAS GERAIS - TJMG;FUNDO ESPECIAL DO PODER JUDICIÁRIO DO ESTADO DE MINAS GERAIS - FEPJ;;PRESTAÇÃO DE SERVIÇO POR EMPRESA DE ENGENHARIA ESPECIALIZADA PARA A ELABORAÇÃO DE ESTUDO, PROJETO EXECUTIVO, FORNECIMENTO, INSTALAÇÃO, COMISSIONAMENTO, MONITORAMENTO, ASSISTÊNCIA TÉCNICA EM GARANTIA E MANUTENÇÃO DE SISTEMAS DE GERAÇÃO DE ENERGIA FOTOVOLTAICA EM DIVERSAS EDIFICAÇÕES OCUPADAS PELO TJ.;0,00;4551397,00;4551397,00
Pouso Alegre;Itajubá;TRIBUNAL DE JUSTIÇA DO ESTADO DE MINAS GERAIS - TJMG;FUNDO ESPECIAL DO PODER JUDICIÁRIO DO ESTADO DE MINAS GERAIS - FEPJ;;SERVIÇO TÉCNICO PROFISSIONAL ESPECIALIZADO DE ELABORAÇÃO DE PROJETOS PARA CONSTRUÇÕES, AMPLIAÇÕES E/OU REFORMAS DE EDIFICAÇÕES DO TRIBUNAL EM DIVERSAS COMARCAS.;0,00;4000000,00;4000000,00
Pouso Alegre;Poços de Caldas;TRIBUNAL DE JUSTIÇA DO ESTADO DE MINAS GERAIS - TJMG;FUNDO ESPECIAL DO PODER JUDICIÁRIO DO ESTADO DE MINAS GERAIS - FEPJ;;SERVIÇO TÉCNICO PROFISSIONAL ESPECIALIZADO DE ELABORAÇÃO DE PROJETOS PARA CONSTRUÇÕES, AMPLIAÇÕES E/OU REFORMAS DE EDIFICAÇÕES DO TRIBUNAL EM DIVERSAS COMARCAS.;0,00;4000000,00;4000000,00
Teófilo Otoni;Itaobim;TRIBUNAL DE JUSTIÇA DO ESTADO DE MINAS GERAIS - TJMG;FUNDO ESPECIAL DO PODER JUDICIÁRIO DO ESTADO DE MINAS GERAIS - FEPJ;;SERVIÇO TÉCNICO PROFISSIONAL ESPECIALIZADO DE ELABORAÇÃO DE PROJETOS PARA CONSTRUÇÕES, AMPLIAÇÕES E/OU REFORMAS DE EDIFICAÇÕES DO TRIBUNAL EM DIVERSAS COMARCAS.;0,00;1560000,00;1560000,00
Teófilo Otoni;Joaíma;TRIBUNAL DE JUSTIÇA DO ESTADO DE MINAS GERAIS - TJMG;FUNDO ESPECIAL DO PODER JUDICIÁRIO DO ESTADO DE MINAS GERAIS - FEPJ;;SERVIÇO TÉCNICO PROFISSIONAL ESPECIALIZADO DE ELABORAÇÃO DE PROJETOS PARA CONSTRUÇÕES, AMPLIAÇÕES E/OU REFORMAS DE EDIFICAÇÕES DO TRIBUNAL EM DIVERSAS COMARCAS.;0,00;1302756,00;1302756,00
Teófilo Otoni;Medina;TRIBUNAL DE JUSTIÇA DO ESTADO DE MINAS GERAIS - TJMG;FUNDO ESPECIAL DO PODER JUDICIÁRIO DO ESTADO DE MINAS GERAIS - FEPJ;;OBRA DE CONSTRUÇÃO DO NOVO FÓRUM DA COMARCA DE MEDINA/MG.;0,00;7308047,00;7308047,00
Uberaba;Conquista;TRIBUNAL DE JUSTIÇA DO ESTADO DE MINAS GERAIS - TJMG;FUNDO ESPECIAL DO PODER JUDICIÁRIO DO ESTADO DE MINAS GERAIS - FEPJ;;CONSTRUÇÃO DO NOVO FÓRUM DA COMARCA DE CONQUISTA.;0,00;2426312,00;2426312,00
Uberlândia;Campina Verde;TRIBUNAL DE JUSTIÇA DO ESTADO DE MINAS GERAIS - TJMG;FUNDO ESPECIAL DO PODER JUDICIÁRIO DO ESTADO DE MINAS GERAIS - FEPJ;;O OBJETO DO PRESENTE INSTRUMENTO É A OBRA DE CONSTRUÇÃO DO NOVO FÓRUM DA COMARCA DE CAMPINA VERDE/MG.;0,00;1072513,00;1072513,00
Varginha;Areado;TRIBUNAL DE JUSTIÇA DO ESTADO DE MINAS GERAIS - TJMG;FUNDO ESPECIAL DO PODER JUDICIÁRIO DO ESTADO DE MINAS GERAIS - FEPJ;;CONSTRUÇÃO DO NOVO PRÉDIO DO FÓRUM DA COMARCA DE AREADO/MG;0,00;1680113,00;1680113,00
Varginha;Campo Belo;TRIBUNAL DE JUSTIÇA DO ESTADO DE MINAS GERAIS - TJMG;FUNDO ESPECIAL DO PODER JUDICIÁRIO DO ESTADO DE MINAS GERAIS - FEPJ;;PRESTAÇÃO DE SERVIÇO POR EMPRESA DE ENGENHARIA ESPECIALIZADA PARA A ELABORAÇÃO DE ESTUDO, PROJETO EXECUTIVO, FORNECIMENTO, INSTALAÇÃO, COMISSIONAMENTO, MONITORAMENTO, ASSISTÊNCIA TÉCNICA EM GARANTIA E MANUTENÇÃO DE SISTEMAS DE GERAÇÃO DE ENERGIA FOTOVOLTAICA EM DIVERSAS EDIFICAÇÕES OCUPADAS PELO TJ.;0,00;995247,00;995247,00
Varginha;Monte Belo;TRIBUNAL DE JUSTIÇA DO ESTADO DE MINAS GERAIS - TJMG;FUNDO ESPECIAL DO PODER JUDICIÁRIO DO ESTADO DE MINAS GERAIS - FEPJ;;OBRA DE REFORMA E AMPLIAÇÃO DA EDIFICAÇÃO DO FÓRUM DA COMARCA DE MONTE BELO/MG;0,00;7475238,00;7475238,00
Varginha;Passos;TRIBUNAL DE JUSTIÇA DO ESTADO DE MINAS GERAIS - TJMG;FUNDO ESPECIAL DO PODER JUDICIÁRIO DO ESTADO DE MINAS GERAIS - FEPJ;;OBRA DE ADAPTAÇÃO PREDIAL PARA INSTALAÇÃO DE NOVO ELEVADOR NO FÓRUM DA COMARCA DE PASSOS/MG.;0,00;80000,00;80000,00
Varginha;São Gonçalo do Sapucaí;TRIBUNAL DE JUSTIÇA DO ESTADO DE MINAS GERAIS - TJMG;FUNDO ESPECIAL DO PODER JUDICIÁRIO DO ESTADO DE MINAS GERAIS - FEPJ;;PRESTAÇÃO DE SERVIÇO POR EMPRESA DE ENGENHARIA ESPECIALIZADA PARA A ELABORAÇÃO DE ESTUDO, PROJETO EXECUTIVO, FORNECIMENTO, INSTALAÇÃO, COMISSIONAMENTO, MONITORAMENTO, ASSISTÊNCIA TÉCNICA EM GARANTIA E MANUTENÇÃO DE SISTEMAS DE GERAÇÃO DE ENERGIA FOTOVOLTAICA EM DIVERSAS EDIFICAÇÕES OCUPADAS PELO TJ.;0,00;5053908,00;5053908,00
Varginha;São Gonçalo do Sapucaí;TRIBUNAL DE JUSTIÇA DO ESTADO DE MINAS GERAIS - TJMG;FUNDO ESPECIAL DO PODER JUDICIÁRIO DO ESTADO DE MINAS GERAIS - FEPJ;;SERVIÇO TÉCNICO PROFISSIONAL ESPECIALIZADO DE ELABORAÇÃO DE PROJETOS PARA CONSTRUÇÕES, AMPLIAÇÕES E/OU REFORMAS DE EDIFICAÇÕES DO TRIBUNAL EM DIVERSAS COMARCAS.;0,00;1705762,00;1705762,00
Varginha;Três Pontas;TRIBUNAL DE JUSTIÇA DO ESTADO DE MINAS GERAIS - TJMG;FUNDO ESPECIAL DO PODER JUDICIÁRIO DO ESTADO DE MINAS GERAIS - FEPJ;;OBRA DE CONSTRUÇÃO DO NOVO FÓRUM DA COMARCA DE TRÊS PONTAS;0,00;16998392,00;16998392,00
Estadual;Diversos Municípios - Estadual;SECRETARIA DE ESTADO DE DESENVOLVIMENTO ECONÔMICO - SEDE;COMPANHIA DE DESENVOLVIMENTO DE MINAS GERAIS - CODEMGE;GESTÃO DE INFRAESTRUTURA, CONSÓRCIOS E EQUIPAMENTOS CULTURAIS E TURÍSTICOS;BALNEÁRIO ÁGUAS SANTAS - TIRADENTES/MG | PALÁCIO DAS MANGABEIRAS;0,00;3500000,00;3500000,00
Estadual;Diversos Municípios - Estadual;SECRETARIA DE ESTADO DE DESENVOLVIMENTO ECONÔMICO - SEDE;COMPANHIA DE SANEAMENTO DE MINAS GERAIS - COPASA;UNIVERSALIZAÇÃO DOS SERVIÇOS DE SANEAMENTO NA ÁREA DA COPASA;IMPLANTAÇÃO OU AMPLIAÇÃO REALIZADA EM SISTEMAS DE ABASTECIMENTO DE ÁGUA QUE PODEM CONTEMPLAR SISTEMA PRODUTOR QUE PODE SER ATRAVÉS DE POÇO PROFUNDO OU CAPTAÇÃO SUPERFICIAL, ESTAÇÃO DE TRATAMENTO DE ÁGUA, ADUTORAS, ESTAÇÕES ELEVATÓRIAS, RESERVATÓRIOS E REDES DE DISTRIBUIÇÃO DE ÁGUA PARA OPERAÇÃO DAS UNIDADES DE TRATAMENTO E DISTRIBUIÇÃO DE ÁGUA TRATADA EM LOCALIDADES QUE A COPASA TENHA OU VENHA A TER A CONCESSÃO PARA O SERVIÇO DE ABASTECIMENTO DE ÁGUA. IMPLANTAÇÃO OU AMPLIAÇÃO REALIZADA EM SISTEMAS DE ESGOTAMENTO SANITÁRIO QUE PODEM CONTEMPLAR ESTAÇÃO DE TRATAMENTO DE ESGOTO, ESTAÇÕES ELEVATÓRIAS, INTERCEPTORES E REDES COLETORAS PARA OPERAÇÃO DAS UNIDADES DE COLETA E TRATAMENTO DE ESGOTO EM LOCALIDADES QUE A COPASA TENHA OU VENHA A TER A CONCESSÃO PARA O SERVIÇO DE ESGOTAMENTO SANITÁRIO.;0,00;2960000000,00;2960000000,00
Belo Horizonte;Diversos Municípios - Região Intermediária de Belo Horizonte;SECRETARIA DE ESTADO DE DESENVOLVIMENTO ECONÔMICO - SEDE;COMPANHIA DE SANEAMENTO DE MINAS GERAIS - COPASA;PPP SISTEMA ADUTOR RIO MANSO;"AMPLIAÇÃO REALIZADA, OPERAÇÃO, MANUTENÇÃO E CONSERVAÇÃO DAS UNIDADES DE ADUÇÃO DO SISTEMA PRODUTOR RIO MANSO; REVERSÃO DOS ATIVOS À COMPANHIA DE SANEAMENTO DE MINAS GERAIS.";0,00;55500000,00;55500000,00
Estadual;Diversos Municípios - Estadual;SECRETARIA DE ESTADO DE PLANEJAMENTO E GESTÃO - SEPLAG;COMPANHIA DE TECNOLOGIA DA INFORMAÇÃO DO ESTADO DE MINAS GERAIS - PRODEMGE;MANUTENÇÃO DAS UNIDADES PREDIAIS;ELABORAÇÃO E EXECUÇÃO DE PROJETOS RELACIONADOS À REFORMA, MODERNIZAÇÃO E ADEQUAÇÃO DAS INSTALAÇÕES PREDIAIS DA COMPANHIA.;0,00;23614000,00;23614000,00
Estadual;Diversos Municípios - Estadual;SECRETARIA DE ESTADO DE DESENVOLVIMENTO ECONÔMICO - SEDE;CEMIG GERAÇÃO E TRANSMISSÃO S.A - CEMIG GERAÇÃO E TRANSMISSÃO;EXPANSÃO DO SISTEMA DE TRANSMISSÃO;EXPANSÃO E AQUISIÇÃO DO SISTEMA DE TRANSMISSÃO;0,00;42000,00;42000,00
Belo Horizonte;Diversos Municípios - Região Intermediária de Belo Horizonte;SECRETARIA DE ESTADO DE DESENVOLVIMENTO ECONÔMICO - SEDE;CEMIG GERAÇÃO E TRANSMISSÃO S.A - CEMIG GERAÇÃO E TRANSMISSÃO;;EXPANSÃO E AQUISIÇÃO DO SISTEMA DE TRANSMISSÃO;0,00;139420147,00;139420147,00
Divinópolis;Diversos Municípios - Região Intermediária de Divinópolis;SECRETARIA DE ESTADO DE DESENVOLVIMENTO ECONÔMICO - SEDE;CEMIG GERAÇÃO E TRANSMISSÃO S.A - CEMIG GERAÇÃO E TRANSMISSÃO;;EXPANSÃO E AQUISIÇÃO DO SISTEMA DE TRANSMISSÃO;0,00;56838366,00;56838366,00
Governador Valadares;Diversos Municípios - Região Intermediária de Governador Valadares;SECRETARIA DE ESTADO DE DESENVOLVIMENTO ECONÔMICO - SEDE;CEMIG GERAÇÃO E TRANSMISSÃO S.A - CEMIG GERAÇÃO E TRANSMISSÃO;;EXPANSÃO E AQUISIÇÃO DO SISTEMA DE TRANSMISSÃO;0,00;35092930,00;35092930,00
Ipatinga;Diversos Municípios - Região Intermediária de Ipatinga;SECRETARIA DE ESTADO DE DESENVOLVIMENTO ECONÔMICO - SEDE;CEMIG GERAÇÃO E TRANSMISSÃO S.A - CEMIG GERAÇÃO E TRANSMISSÃO;;EXPANSÃO E AQUISIÇÃO DO SISTEMA DE TRANSMISSÃO;0,00;3919584,00;3919584,00
Juíz de Fora;Diversos Municípios - Região Intermediária de Juíz de Fora;SECRETARIA DE ESTADO DE DESENVOLVIMENTO ECONÔMICO - SEDE;CEMIG GERAÇÃO E TRANSMISSÃO S.A - CEMIG GERAÇÃO E TRANSMISSÃO;;EXPANSÃO E AQUISIÇÃO DO SISTEMA DE TRANSMISSÃO;0,00;7588622,00;7588622,00
Montes Claros;Diversos Municípios - Região Intermediária de Montes Claros;SECRETARIA DE ESTADO DE DESENVOLVIMENTO ECONÔMICO - SEDE;CEMIG GERAÇÃO E TRANSMISSÃO S.A - CEMIG GERAÇÃO E TRANSMISSÃO;;EXPANSÃO E AQUISIÇÃO DO SISTEMA DE TRANSMISSÃO;0,00;30365135,00;30365135,00
Uberaba;Diversos Municípios - Região Intermediária de Uberaba;SECRETARIA DE ESTADO DE DESENVOLVIMENTO ECONÔMICO - SEDE;CEMIG GERAÇÃO E TRANSMISSÃO S.A - CEMIG GERAÇÃO E TRANSMISSÃO;;EXPANSÃO E AQUISIÇÃO DO SISTEMA DE TRANSMISSÃO;0,00;52759302,00;52759302,00
Uberlândia;Diversos Municípios - Região Intermediária de Uberlândia;SECRETARIA DE ESTADO DE DESENVOLVIMENTO ECONÔMICO - SEDE;CEMIG GERAÇÃO E TRANSMISSÃO S.A - CEMIG GERAÇÃO E TRANSMISSÃO;;EXPANSÃO E AQUISIÇÃO DO SISTEMA DE TRANSMISSÃO;0,00;17722746,00;17722746,00
Varginha;Diversos Municípios - Região Intermediária de Varginha;SECRETARIA DE ESTADO DE DESENVOLVIMENTO ECONÔMICO - SEDE;CEMIG GERAÇÃO E TRANSMISSÃO S.A - CEMIG GERAÇÃO E TRANSMISSÃO;;EXPANSÃO E AQUISIÇÃO DO SISTEMA DE TRANSMISSÃO;0,00;7293,00;7293,00
Estadual;Diversos Municípios - Estadual;SECRETARIA DE ESTADO DE DESENVOLVIMENTO ECONÔMICO - SEDE;CEMIG GERAÇÃO E TRANSMISSÃO S.A - CEMIG GERAÇÃO E TRANSMISSÃO;REFORMAS DE SUBESTAÇÕES E LINHAS DE TRANSMISSÃO;REFORMAS DE SUBESTAÇÕES E LINHAS DE TRANSMISSÃO;0,00;26378317,00;26378317,00
Barbacena;Diversos Municípios - Região Intermediária de Barbacena;SECRETARIA DE ESTADO DE DESENVOLVIMENTO ECONÔMICO - SEDE;CEMIG GERAÇÃO E TRANSMISSÃO S.A - CEMIG GERAÇÃO E TRANSMISSÃO;;REFORMAS DE SUBESTAÇÕES E LINHAS DE TRANSMISSÃO;0,00;1912530,00;1912530,00
Belo Horizonte;Diversos Municípios - Região Intermediária de Belo Horizonte;SECRETARIA DE ESTADO DE DESENVOLVIMENTO ECONÔMICO - SEDE;CEMIG GERAÇÃO E TRANSMISSÃO S.A - CEMIG GERAÇÃO E TRANSMISSÃO;;REFORMAS DE SUBESTAÇÕES E LINHAS DE TRANSMISSÃO;0,00;155792109,00;155792109,00
Divinópolis;Diversos Municípios - Região Intermediária de Divinópolis;SECRETARIA DE ESTADO DE DESENVOLVIMENTO ECONÔMICO - SEDE;CEMIG GERAÇÃO E TRANSMISSÃO S.A - CEMIG GERAÇÃO E TRANSMISSÃO;;REFORMAS DE SUBESTAÇÕES E LINHAS DE TRANSMISSÃO;0,00;6818426,00;6818426,00
Ipatinga;Diversos Municípios - Região Intermediária de Ipatinga;SECRETARIA DE ESTADO DE DESENVOLVIMENTO ECONÔMICO - SEDE;CEMIG GERAÇÃO E TRANSMISSÃO S.A - CEMIG GERAÇÃO E TRANSMISSÃO;;REFORMAS DE SUBESTAÇÕES E LINHAS DE TRANSMISSÃO;0,00;3502037,00;3502037,00
Juíz de Fora;Diversos Municípios - Região Intermediária de Juíz de Fora;SECRETARIA DE ESTADO DE DESENVOLVIMENTO ECONÔMICO - SEDE;CEMIG GERAÇÃO E TRANSMISSÃO S.A - CEMIG GERAÇÃO E TRANSMISSÃO;;REFORMAS DE SUBESTAÇÕES E LINHAS DE TRANSMISSÃO;0,00;10533884,00;10533884,00
Montes Claros;Diversos Municípios - Região Intermediária de Montes Claros;SECRETARIA DE ESTADO DE DESENVOLVIMENTO ECONÔMICO - SEDE;CEMIG GERAÇÃO E TRANSMISSÃO S.A - CEMIG GERAÇÃO E TRANSMISSÃO;;REFORMAS DE SUBESTAÇÕES E LINHAS DE TRANSMISSÃO;0,00;21597845,00;21597845,00
Uberaba;Diversos Municípios - Região Intermediária de Uberaba;SECRETARIA DE ESTADO DE DESENVOLVIMENTO ECONÔMICO - SEDE;CEMIG GERAÇÃO E TRANSMISSÃO S.A - CEMIG GERAÇÃO E TRANSMISSÃO;;REFORMAS DE SUBESTAÇÕES E LINHAS DE TRANSMISSÃO;0,00;100000,00;100000,00
Uberlândia;Diversos Municípios - Região Intermediária de Uberlândia;SECRETARIA DE ESTADO DE DESENVOLVIMENTO ECONÔMICO - SEDE;CEMIG GERAÇÃO E TRANSMISSÃO S.A - CEMIG GERAÇÃO E TRANSMISSÃO;;REFORMAS DE SUBESTAÇÕES E LINHAS DE TRANSMISSÃO;0,00;51029614,00;51029614,00
Varginha;Diversos Municípios - Região Intermediária de Varginha;SECRETARIA DE ESTADO DE DESENVOLVIMENTO ECONÔMICO - SEDE;CEMIG GERAÇÃO E TRANSMISSÃO S.A - CEMIG GERAÇÃO E TRANSMISSÃO;;REFORMAS DE SUBESTAÇÕES E LINHAS DE TRANSMISSÃO;0,00;8050111,00;8050111,00
Belo Horizonte;Diversos Municípios - Região Intermediária de Belo Horizonte;SECRETARIA DE ESTADO DE DESENVOLVIMENTO ECONÔMICO - SEDE;CEMIG GERAÇÃO E TRANSMISSÃO S.A - CEMIG GERAÇÃO E TRANSMISSÃO;EXPANSÃO DO SISTEMA DE GERAÇÃO;EXPANSÃO DO SISTEMA DE GERAÇÃO;0,00;1,00;1,00
Estadual;Diversos Municípios - Estadual;SECRETARIA DE ESTADO DE DESENVOLVIMENTO ECONÔMICO - SEDE;CEMIG DISTRIBUIÇÃO S.A - CEMIG DISTRIBUIDORA;EXECUÇÃO DO PLANO DE DESENVOLVIMENTO DA DISTRIBUIDORA (PDD);EXECUÇÃO DO PLANO DE DESENVOLVIMENTO DA DISTRIBUIDORA (PDD);0,00;129743163,00;129743163,00
Barbacena;Diversos Municípios - Região Intermediária de Barbacena;SECRETARIA DE ESTADO DE DESENVOLVIMENTO ECONÔMICO - SEDE;CEMIG DISTRIBUIÇÃO S.A - CEMIG DISTRIBUIDORA;;EXECUÇÃO DO PLANO DE DESENVOLVIMENTO DA DISTRIBUIDORA (PDD);0,00;247544023,00;247544023,00
Belo Horizonte;Diversos Municípios - Região Intermediária de Belo Horizonte;SECRETARIA DE ESTADO DE DESENVOLVIMENTO ECONÔMICO - SEDE;CEMIG DISTRIBUIÇÃO S.A - CEMIG DISTRIBUIDORA;;EXECUÇÃO DO PLANO DE DESENVOLVIMENTO DA DISTRIBUIDORA (PDD);0,00;996644552,00;996644552,00
Divinópolis;Diversos Municípios - Região Intermediária de Divinópolis;SECRETARIA DE ESTADO DE DESENVOLVIMENTO ECONÔMICO - SEDE;CEMIG DISTRIBUIÇÃO S.A - CEMIG DISTRIBUIDORA;;EXECUÇÃO DO PLANO DE DESENVOLVIMENTO DA DISTRIBUIDORA (PDD);0,00;473072007,00;473072007,00
Governador Valadares;Diversos Municípios - Região Intermediária de Governador Valadares;SECRETARIA DE ESTADO DE DESENVOLVIMENTO ECONÔMICO - SEDE;CEMIG DISTRIBUIÇÃO S.A - CEMIG DISTRIBUIDORA;;EXECUÇÃO DO PLANO DE DESENVOLVIMENTO DA DISTRIBUIDORA (PDD);0,00;183840302,00;183840302,00
Ipatinga;Diversos Municípios - Região Intermediária de Ipatinga;SECRETARIA DE ESTADO DE DESENVOLVIMENTO ECONÔMICO - SEDE;CEMIG DISTRIBUIÇÃO S.A - CEMIG DISTRIBUIDORA;;EXECUÇÃO DO PLANO DE DESENVOLVIMENTO DA DISTRIBUIDORA (PDD);0,00;195504551,00;195504551,00
Juíz de Fora;Diversos Municípios - Região Intermediária de Juíz de Fora;SECRETARIA DE ESTADO DE DESENVOLVIMENTO ECONÔMICO - SEDE;CEMIG DISTRIBUIÇÃO S.A - CEMIG DISTRIBUIDORA;;EXECUÇÃO DO PLANO DE DESENVOLVIMENTO DA DISTRIBUIDORA (PDD);0,00;386394764,00;386394764,00
Montes Claros;Diversos Municípios - Região Intermediária de Montes Claros;SECRETARIA DE ESTADO DE DESENVOLVIMENTO ECONÔMICO - SEDE;CEMIG DISTRIBUIÇÃO S.A - CEMIG DISTRIBUIDORA;;EXECUÇÃO DO PLANO DE DESENVOLVIMENTO DA DISTRIBUIDORA (PDD);0,00;534484559,00;534484559,00
Patos de Minas;Diversos Municípios - Região Intermediária de Patos de Minas;SECRETARIA DE ESTADO DE DESENVOLVIMENTO ECONÔMICO - SEDE;CEMIG DISTRIBUIÇÃO S.A - CEMIG DISTRIBUIDORA;;EXECUÇÃO DO PLANO DE DESENVOLVIMENTO DA DISTRIBUIDORA (PDD);0,00;384126397,00;384126397,00
Pouso Alegre;Diversos Municípios - Região Intermediária de Pouso Alegre;SECRETARIA DE ESTADO DE DESENVOLVIMENTO ECONÔMICO - SEDE;CEMIG DISTRIBUIÇÃO S.A - CEMIG DISTRIBUIDORA;;EXECUÇÃO DO PLANO DE DESENVOLVIMENTO DA DISTRIBUIDORA (PDD);0,00;226317213,00;226317213,00
Teófilo Otoni;Diversos Municípios - Região Intermediária de Teófilo Otoni;SECRETARIA DE ESTADO DE DESENVOLVIMENTO ECONÔMICO - SEDE;CEMIG DISTRIBUIÇÃO S.A - CEMIG DISTRIBUIDORA;;EXECUÇÃO DO PLANO DE DESENVOLVIMENTO DA DISTRIBUIDORA (PDD);0,00;315723405,00;315723405,00
Uberaba;Diversos Municípios - Região Intermediária de Uberaba;SECRETARIA DE ESTADO DE DESENVOLVIMENTO ECONÔMICO - SEDE;CEMIG DISTRIBUIÇÃO S.A - CEMIG DISTRIBUIDORA;;EXECUÇÃO DO PLANO DE DESENVOLVIMENTO DA DISTRIBUIDORA (PDD);0,00;263778579,00;263778579,00
Uberlândia;Diversos Municípios - Região Intermediária de Uberlândia;SECRETARIA DE ESTADO DE DESENVOLVIMENTO ECONÔMICO - SEDE;CEMIG DISTRIBUIÇÃO S.A - CEMIG DISTRIBUIDORA;;EXECUÇÃO DO PLANO DE DESENVOLVIMENTO DA DISTRIBUIDORA (PDD);0,00;246463727,00;246463727,00
Varginha;Diversos Municípios - Região Intermediária de Varginha;SECRETARIA DE ESTADO DE DESENVOLVIMENTO ECONÔMICO - SEDE;CEMIG DISTRIBUIÇÃO S.A - CEMIG DISTRIBUIDORA;;EXECUÇÃO DO PLANO DE DESENVOLVIMENTO DA DISTRIBUIDORA (PDD);0,00;488950144,00;488950144,00
Teófilo Otoni;Diversos Municípios - Região Intermediária de Teófilo Otoni;SECRETARIA DE ESTADO DE DESENVOLVIMENTO ECONÔMICO - SEDE;COPASA - SERVIÇOS DE SANEAMENTO INTEGRADO DO NORTE E NORDESTE DE MINAS GERAIS S/A - COPANOR;UNIVERSALIZAÇÃO DOS SERVIÇOS DE SANEAMENTO NA ÁREA DE ATUAÇÃO DA COPANOR;IMPLANTAÇÃO OU AMPLIAÇÃO REALIZADA EM SISTEMAS DE ABASTECIMENTO DE ÁGUA QUE PODEM CONTEMPLAR SISTEMA PRODUTOR QUE PODE SER ATRAVÉS DE POÇO PROFUNDO OU CAPTAÇÃO SUPERFICIAL, ESTAÇÃO DE TRATAMENTO DE ÁGUA, ADUTORAS, ESTAÇÕES ELEVATÓRIAS, RESERVATÓRIOS E REDES DE DISTRIBUIÇÃO DE ÁGUA PARA OPERAÇÃO DAS UNIDADES DE TRATAMENTO E DISTRIBUIÇÃO DE ÁGUA TRATADA EM LOCALIDADES QUE A COPANOR TENHA OU VENHA A TER A CONCESSÃO PARA O SERVIÇO DE ABASTECIMENTO DE ÁGUA. IMPLANTAÇÃO OU AMPLIAÇÃO REALIZADA EM SISTEMAS DE ESGOTAMENTO SANITÁRIO QUE PODEM CONTEMPLAR ESTAÇÃO DE TRATAMENTO DE ESGOTO, ESTAÇÕES ELEVATÓRIAS, INTERCEPTORES E REDES COLETORAS PARA OPERAÇÃO DAS UNIDADES DE COLETA E TRATAMENTO DE ESGOTO EM LOCALIDADES QUE A COPANOR TENHA OU VENHA A TER A CONCESSÃO PARA O SERVIÇO DE ESGOTAMENTO SANITÁRIO.;0,00;30000000,00;30000000,00
