orgao_nome;ativos;inativos;terceirizados;total
ADVOCACIA GERAL DO ESTADO - AGE;809,00;222,00;0,00;1031,00
AGÊNCIA DE DESENVOLVIMENTO DA REGIÃO METROPOLITANA DE BELO HORIZONTE - AGÊNCIA RMBH;33,00;0,00;0,00;33,00
AGÊNCIA DE DESENVOLVIMENTO DA REGIÃO METROPOLITANA DO VALE DO AÇO - ARMVA;15,00;0,00;0,00;15,00
AGÊNCIA REGULADORA DE SERVIÇOS DE ABASTECIMENTO DE ÁGUA E DE ESGOTAMENTO SANITÁRIO DO ESTADO DE MINAS GERAIS - ARSAE -MG;75,00;0,00;0,00;75,00
AGÊNCIA REGULADORA DE TRANSPORTES DO ESTADO DE MINAS GERAIS - ARTEMIG;38,00;0,00;0,00;38,00
ASSEMBLEIA LEGISLATIVA DO ESTADO DE MINAS GERAIS - ALMG;3447,00;1251,00;0,00;4698,00
CONTROLADORIA-GERAL DO ESTADO - CGE;199,00;34,00;0,00;233,00
CORPO DE BOMBEIROS MILITAR DO ESTADO DE MINAS GERAIS - CBMMG;5893,00;3219,00;0,00;9112,00
DEFENSORIA PUBLICA DO ESTADO DE MINAS GERAIS - DEF PUB;1177,00;397,00;0,00;1574,00
DEPARTAMENTO DE ESTRADAS DE RODAGEM DO ESTADO DE MINAS GERAIS - DER-MG;991,00;5409,00;0,00;6400,00
EMPRESA DE ASSISTÊNCIA TÉCNICA E EXTENSÃO RURAL DO ESTADO DE MINAS GERAIS - EMATER;1708,00;0,00;0,00;1708,00
EMPRESA DE PESQUISA AGROPECUÁRIA DE MINAS GERAIS - EPAMIG;639,00;0,00;0,00;639,00
EMPRESA MINEIRA DE COMUNICAÇÃO - EMC;146,00;0,00;0,00;146,00
ESCOLA DE SAÚDE PÚBLICA DO ESTADO DE MINAS GERAIS - ESP MG;79,00;14,00;0,00;93,00
FUNDAÇÃO CENTRO DE HEMATOLOGIA E HEMOTERAPIA DE MINAS GERAIS - HEMOMINAS;1605,00;223,00;0,00;1828,00
FUNDAÇÃO CLÓVIS SALGADO - FCS;282,00;136,00;0,00;418,00
FUNDAÇÃO DE AMPARO À PESQUISA DO ESTADO DE MINAS GERAIS - FAPEMIG;89,00;13,00;0,00;102,00
FUNDAÇÃO DE ARTE DE OURO PRETO - FAOP;52,00;4,00;0,00;56,00
FUNDAÇÃO DE EDUCAÇÃO PARA O TRABALHO DE MINAS GERAIS - UTRAMIG;31,00;22,00;0,00;53,00
FUNDAÇÃO EDUCACIONAL CAIO MARTINS - FUCAM;26,00;78,00;0,00;104,00
FUNDAÇÃO ESTADUAL DO MEIO AMBIENTE - FEAM;428,00;95,00;0,00;523,00
FUNDAÇÃO EZEQUIEL DIAS - FUNED;852,00;274,00;0,00;1126,00
FUNDAÇÃO HELENA ANTIPOFF - FHA;615,00;50,00;0,00;665,00
FUNDAÇÃO HOSPITALAR DO ESTADO DE MINAS GERAIS - FHEMIG;14776,00;3772,00;0,00;18548,00
FUNDAÇÃO JOÃO PINHEIRO - FJP;253,00;281,00;0,00;534,00
FUNDAÇÃO TV MINAS CULTURAL E EDUCATIVA - TV MINAS;102,00;0,00;0,00;102,00
GABINETE MILITAR DO GOVERNADOR DO ESTADO DE MINAS GERAIS - GABINETE MILITAR;85,00;27,00;0,00;112,00
INSTITUTO DE DESENVOLVIMENTO DO NORTE E NORDESTE DE MINAS GERAIS - IDENE;107,00;32,00;0,00;139,00
INSTITUTO DE METROLOGIA E QUALIDADE DO ESTADO DE MINAS GERAIS - IPEMMG;121,00;147,00;0,00;268,00
INSTITUTO DE PREVIDÊNCIA DO LEGISLATIVO DO ESTADO DE MINAS GERAIS - IPLEMG;16,00;0,00;0,00;16,00
INSTITUTO DE PREVIDÊNCIA DOS SERVIDORES DO ESTADO DE MINAS GERAIS - IPSEMG;2403,00;3346,00;0,00;5749,00
INSTITUTO DE PREVIDÊNCIA DOS SERVIDORES MILITARES DO ESTADO DE MINAS GERAIS - IPSM;187,00;60,00;0,00;247,00
INSTITUTO ESTADUAL DE FLORESTAS - IEF;746,00;391,00;0,00;1137,00
INSTITUTO ESTADUAL DO PATRIMÔNIO HISTÓRICO E ARTÍSTICO DE MINAS GERAIS - IEPHA;90,00;65,00;0,00;155,00
INSTITUTO MINEIRO DE AGROPECUÁRIA - IMA;1293,00;585,00;0,00;1878,00
INSTITUTO MINEIRO DE GESTÃO DAS ÁGUAS - IGAM;174,00;48,00;0,00;222,00
JUNTA COMERCIAL DO ESTADO DE MINAS GERAIS - JUCEMG;205,00;121,00;0,00;326,00
LOTERIA DO ESTADO DE MINAS GERAIS - LEMG;20,00;50,00;0,00;70,00
OUVIDORIA-GERAL DO ESTADO DE MINAS GERAIS - OGE;94,00;3,00;0,00;97,00
POLÍCIA CIVIL DO ESTADO DE MINAS GERAIS - PCMG;11147,00;7354,00;0,00;18501,00
POLÍCIA MILITAR DO ESTADO DE MINAS GERAIS - PMMG;42155,00;39807,00;0,00;81962,00
PROCURADORIA GERAL DE JUSTIÇA - PGJ;4717,00;483,00;0,00;5200,00
SECRETARIA DE ESTADO DA CASA CIVIL - SCC;53,00;0,00;0,00;53,00
SECRETARIA DE ESTADO DE AGRICULTURA, PECUÁRIA E ABASTECIMENTO - SEAPA;196,00;481,00;0,00;677,00
SECRETARIA DE ESTADO DE COMUNICAÇÃO SOCIAL - SECOM;114,00;0,00;0,00;114,00
SECRETARIA DE ESTADO DE CULTURA E TURISMO - SECULT;259,00;276,00;0,00;535,00
SECRETARIA DE ESTADO DE DESENVOLVIMENTO ECONÔMICO - SEDE;187,00;409,00;0,00;596,00
SECRETARIA DE ESTADO DE DESENVOLVIMENTO SOCIAL - SEDESE;731,00;1151,00;0,00;1882,00
SECRETARIA DE ESTADO DE EDUCAÇÃO - SEE;238062,00;176055,00;0,00;414117,00
SECRETARIA DE ESTADO DE FAZENDA - SEF;2848,00;4293,00;0,00;7141,00
SECRETARIA DE ESTADO DE GOVERNO - SEGOV;376,00;1073,00;0,00;1449,00
SECRETARIA DE ESTADO DE INFRAESTRUTURA, MOBILIDADE E PARCERIAS - SEINFRA;264,00;74,00;0,00;338,00
SECRETARIA DE ESTADO DE JUSTIÇA E SEGURANÇA PÚBLICA - SEJUSP;20095,00;830,00;0,00;20925,00
SECRETARIA DE ESTADO DE MEIO AMBIENTE E DESENVOLVIMENTO SUSTENTÁVEL - SEMAD;501,00;21,00;0,00;522,00
SECRETARIA DE ESTADO DE PLANEJAMENTO E GESTÃO - SEPLAG;1375,00;1589,00;0,00;2964,00
SECRETARIA DE ESTADO DE SAÚDE - SES;3667,00;8614,00;0,00;12281,00
SECRETARIA-GERAL - SEC. GERAL;43,00;0,00;0,00;43,00
TRIBUNAL DE CONTAS DO ESTADO DE MINAS GERAIS - TCEMG;1331,00;861,00;0,00;2192,00
TRIBUNAL DE JUSTIÇA DO ESTADO DE MINAS GERAIS - TJMG;14730,00;6977,00;0,00;21707,00
TRIBUNAL DE JUSTIÇA MILITAR DO ESTADO DE MINAS GERAIS - TJMMG;236,00;83,00;0,00;319,00
UNIVERSIDADE DO ESTADO DE MINAS GERAIS - UEMG;2291,00;323,00;0,00;2614,00
UNIVERSIDADE ESTADUAL DE MONTES CLAROS - UNIMONTES;2588,00;455,00;0,00;3043,00
