funcao;subfuncao;programa;especificacao;pessoal;juros;outras_correntes;investimentos;inversoes;amortizacao;reserva;total;nivel
1;;;LEGISLATIVA;1975757864,00;0,00;;52211941,00;11953000,00;;0,00;2691483202,00;2
1;31;;AÇÃO LEGISLATIVA;1290195833,00;0,00;;14800000,00;11953000,00;;0,00;1687698502,00;3
1;31;729;PROCESSO LEGISLATIVO;1290195833,00;0,00;;14800000,00;11953000,00;;0,00;1687698502,00;4
1;32;;CONTROLE EXTERNO;684321031,00;0,00;;0,00;0,00;;0,00;774156049,00;3
1;32;705;APOIO ÀS POLÍTICAS PÚBLICAS;0,00;0,00;;0,00;0,00;;0,00;86343439,00;4
1;32;746;CONTROLE EXTERNO DA GESTÃO DOS RECURSOS PÚBLICOS;684321031,00;0,00;;0,00;0,00;;0,00;687812610,00;4
1;122;;ADMINISTRAÇÃO GERAL;1241000,00;0,00;;37411941,00;0,00;;0,00;216966458,00;3
1;122;98;MODERNIZAÇÃO INSTITUCIONAL;0,00;0,00;;0,00;0,00;;0,00;1000,00;4
1;122;704;MODERNIZAÇÃO INSTITUCIONAL;0,00;0,00;;3492000,00;0,00;;0,00;6992000,00;4
1;122;705;APOIO ÀS POLÍTICAS PÚBLICAS;1241000,00;0,00;;487731,00;0,00;;0,00;7336057,00;4
1;122;746;CONTROLE EXTERNO DA GESTÃO DOS RECURSOS PÚBLICOS;0,00;0,00;;33432210,00;0,00;;0,00;202637401,00;4
1;128;;FORMAÇÃO DE RECURSOS HUMANOS;0,00;0,00;;0,00;0,00;;0,00;12662193,00;3
1;128;760;CAPACITAÇÃO E ORIENTAÇÃO PARA MELHORAR A GESTÃO DOS RECURSOS PÚBLICOS;0,00;0,00;;0,00;0,00;;0,00;12662193,00;4
2;;;JUDICIÁRIA;8325190929,00;0,00;;654175725,00;140000000,00;;0,00;12978132194,00;2
2;61;;AÇÃO JUDICIÁRIA;0,00;0,00;;654175725,00;140000000,00;;0,00;3758745560,00;3
2;61;706;PRESTAÇÃO JURISDICIONAL;0,00;0,00;;644366371,00;140000000,00;;0,00;3721089992,00;4
2;61;734;PRESTAÇÃO JURISDICIONAL MILITAR;0,00;0,00;;9809354,00;0,00;;0,00;37655568,00;4
2;122;;ADMINISTRAÇÃO GERAL;8325190929,00;0,00;;0,00;0,00;;0,00;9213136634,00;3
2;122;706;PRESTAÇÃO JURISDICIONAL;8221565034,00;0,00;;0,00;0,00;;0,00;9109510739,00;4
2;122;734;PRESTAÇÃO JURISDICIONAL MILITAR;103625895,00;0,00;;0,00;0,00;;0,00;103625895,00;4
2;128;;FORMAÇÃO DE RECURSOS HUMANOS;0,00;0,00;;0,00;0,00;;0,00;6250000,00;3
2;128;706;PRESTAÇÃO JURISDICIONAL;0,00;0,00;;0,00;0,00;;0,00;6250000,00;4
3;;;ESSENCIAL À JUSTIÇA;3969137096,00;0,00;;170276785,00;5000000,00;;0,00;5470871530,00;2
3;61;;AÇÃO JUDICIÁRIA;0,00;0,00;;38550000,00;0,00;;0,00;70050000,00;3
3;61;738;PROTEÇÃO E DEFESA DO CONSUMIDOR;0,00;0,00;;38550000,00;0,00;;0,00;70050000,00;4
3;62;;DEFESA DO INTERESSE PÚBLICO NO PROCESSO JUDICIÁRIO;1478000000,00;0,00;;19500000,00;5000000,00;;0,00;1657730000,00;3
3;62;703;PROCESSO JUDICIÁRIO;1478000000,00;0,00;;39025,00;0,00;;0,00;1631269025,00;4
3;62;714;AQUISIÇÃO, CONSTRUÇÃO, REPAROS DE BENS IMÓVEIS;0,00;0,00;;19460975,00;5000000,00;;0,00;26460975,00;4
3;92;;REPRESENTAÇÃO JUDICIAL E EXTRAJUDICIAL;776270300,00;0,00;;41390785,00;0,00;;0,00;1159129054,00;3
3;92;43;DESJUDICIALIZA MINAS;0,00;0,00;;0,00;0,00;;0,00;349584,00;4
3;92;44;REPRESENTAÇÃO JURÍDICA DO ESTADO E ENTIDADES;0,00;0,00;;3636462,00;0,00;;0,00;23261427,00;4
3;92;79;MODERNIZAÇÃO E APRIMORAMENTO INSTITUCIONAL;0,00;0,00;;3000000,00;0,00;;0,00;6000000,00;4
3;92;726;ACESSO À JUSTIÇA;776270300,00;0,00;;34754323,00;0,00;;0,00;1129518043,00;4
3;122;;ADMINISTRAÇÃO GERAL;1714866796,00;0,00;;70836000,00;0,00;;0,00;2583562476,00;3
3;122;703;PROCESSO JUDICIÁRIO;1343000000,00;0,00;;39336000,00;0,00;;0,00;2117193255,00;4
3;122;705;APOIO ÀS POLÍTICAS PÚBLICAS;371866796,00;0,00;;250000,00;0,00;;0,00;406319221,00;4
3;122;737;MODERNIZAÇÃO INSTITUCIONAL;0,00;0,00;;31250000,00;0,00;;0,00;60050000,00;4
3;128;;FORMAÇÃO DE RECURSOS HUMANOS;0,00;0,00;;0,00;0,00;;0,00;400000,00;3
3;128;726;ACESSO À JUSTIÇA;0,00;0,00;;0,00;0,00;;0,00;400000,00;4
4;;;ADMINISTRAÇÃO;2254178928,00;0,00;;1429506011,00;1216313660,00;;0,00;6624477946,00;2
4;121;;PLANEJAMENTO E ORÇAMENTO;0,00;0,00;;2684572,00;0,00;;0,00;10182355,00;3
4;121;95;ASSESSORIA E PESQUISA EM POLÍTICAS PÚBLICAS;0,00;0,00;;0,00;0,00;;0,00;2260362,00;4
4;121;96;PRODUÇÃO DE ESTATÍSTICAS E INFORMAÇÕES;0,00;0,00;;0,00;0,00;;0,00;2481408,00;4
4;121;131;ARTICULAÇÃO INTERFEDERATIVA, ATRAÇÃO DE INVESTIMENTOS, CAPTAÇÃO E TRANSFERÊNCIA DE RECURSOS E PARCERIAS;0,00;0,00;;83108,00;0,00;;0,00;1617237,00;4
4;121;157;GESTÃO DO PLANEJAMENTO ORÇAMENTÁRIO GOVERNAMENTAL;0,00;0,00;;2601464,00;0,00;;0,00;3823348,00;4
4;122;;ADMINISTRAÇÃO GERAL;1953215641,00;0,00;;996566159,00;1000,00;;0,00;3722784723,00;3
4;122;5;PROGRAMA MINEIRO DE ACESSIBILIDADE, INCLUSÃO E SAÚDE (PROMAIS);0,00;0,00;;0,00;0,00;;0,00;6456,00;4
4;122;11;ASSESSORAMENTO TÉCNICO E ADMINISTRATIVO AO GOVERNADOR E VICE-GOVERNADOR;0,00;0,00;;0,00;0,00;;0,00;806105,00;4
4;122;38;TESOURO RESPONSÁVEL E TRANSPARENTE;0,00;0,00;;0,00;0,00;;0,00;219604,00;4
4;122;49;ADMINISTRAÇÃO DOS PRÉDIOS GOVERNAMENTAIS;0,00;0,00;;0,00;0,00;;0,00;5451914,00;4
4;122;83;POLÍTICAS DE PROMOÇÃO AO DESENVOLVIMENTO SOCIAL NO CONTEXTO RURAL - PERCURSOS GERAIS: TRAJETÓRIA PARA AUTONOMIA;48601,00;0,00;;0,00;0,00;;0,00;1207693,00;4
4;122;84;POLÍTICAS DE INTEGRAÇÃO, REGIONALIZAÇÃO E INOVAÇÃO;0,00;0,00;;0,00;0,00;;0,00;485003,00;4
4;122;104;ENFRENTAMENTO À VULNERABILIDADE NOS TERRITÓRIOS DE ATUAÇÃO DA FUCAM;0,00;0,00;;0,00;0,00;;0,00;1338734,00;4
4;122;115;GESTÃO DO PROCESSO LEGISLATIVO ESTADUAL SOB A RESPONSABILIDADE DO PODER EXECUTIVO;0,00;0,00;;0,00;0,00;;0,00;774642,00;4
4;122;119;APOIO AO DESENVOLVIMENTO MUNICIPAL E À COORDENAÇÃO DAS TRANSFERÊNCIAS ESTADUAIS DE RECURSOS FINANCEIROS;0,00;0,00;;922210064,00;0,00;;0,00;961602912,00;4
4;122;120;PRODUÇÃO E VEICULAÇÃO DO DIÁRIO OFICIAL ELETRÔNICO MINAS GERAIS;0,00;0,00;;0,00;0,00;;0,00;1465375,00;4
4;122;122;FORTALECIMENTO DA GESTÃO DAS TRANSFERÊNCIAS ESTADUAIS;0,00;0,00;;11319324,00;0,00;;0,00;16049432,00;4
4;122;131;ARTICULAÇÃO INTERFEDERATIVA, ATRAÇÃO DE INVESTIMENTOS, CAPTAÇÃO E TRANSFERÊNCIA DE RECURSOS E PARCERIAS;0,00;0,00;;0,00;0,00;;0,00;807584,00;4
4;122;133;MINAS GERAÇÃO DE VALOR;0,00;0,00;;0,00;0,00;;0,00;1000,00;4
4;122;147;GESTÃO DE PESSOAS;0,00;0,00;;4093085,00;0,00;;0,00;54146968,00;4
4;122;148;APOIO ÀS POLÍTICAS DE DESENVOLVIMENTO SOCIAL;0,00;0,00;;5200000,00;0,00;;0,00;16453469,00;4
4;122;149;TRANSFORMAÇÃO DIGITAL E ATENDIMENTO AO CIDADÃO;0,00;0,00;;0,00;0,00;;0,00;49209403,00;4
4;122;151;PROMOÇÃO DA INOVAÇÃO E DA GESTÃO ESTRATÉGICA;0,00;0,00;;0,00;0,00;;0,00;1865081,00;4
4;122;155;REPARAÇÃO DOS DANOS DOS ROMPIMENTOS EM BRUMADINHO E MARIANA;465500,00;0,00;;0,00;0,00;;0,00;16390279,00;4
4;122;156;GESTÃO DA CIDADE ADMINISTRATIVA;0,00;0,00;;23299316,00;0,00;;0,00;169759732,00;4
4;122;159;CENTRALIZAÇÃO DO PROCESSAMENTO DE COMPRAS PÚBLICAS;0,00;0,00;;8132333,00;0,00;;0,00;11389639,00;4
4;122;160;MELHORIA DA GESTÃO LOGÍSTICA E PATRIMONIAL;0,00;0,00;;3414000,00;0,00;;0,00;66386725,00;4
4;122;161;GESTÃO DE TRÂNSITO;0,00;0,00;;7535558,00;0,00;;0,00;194323743,00;4
4;122;705;APOIO ÀS POLÍTICAS PÚBLICAS;1952701540,00;0,00;;11362479,00;1000,00;;0,00;2152643230,00;4
4;123;;ADMINISTRAÇÃO FINANCEIRA;0,00;0,00;;21765000,00;1000,00;;0,00;106221701,00;3
4;123;38;TESOURO RESPONSÁVEL E TRANSPARENTE;0,00;0,00;;21765000,00;0,00;;0,00;91304396,00;4
4;123;125;POLÍTICA DE REGULARIZAÇÃO FUNDIÁRIA E DE GESTÃO DE IMÓVEIS;0,00;0,00;;0,00;0,00;;0,00;5818477,00;4
4;123;133;MINAS GERAÇÃO DE VALOR;0,00;0,00;;0,00;0,00;;0,00;25483,00;4
4;123;705;APOIO ÀS POLÍTICAS PÚBLICAS;0,00;0,00;;0,00;1000,00;;0,00;9073345,00;4
4;124;;CONTROLE INTERNO;0,00;0,00;;1052100,00;0,00;;0,00;2414375,00;3
4;124;1;MINAS ÍNTEGRA E TRANSPARENTE;0,00;0,00;;1052100,00;0,00;;0,00;1378819,00;4
4;124;2;AUDITORIA INTERNA PARA O FUTURO;0,00;0,00;;0,00;0,00;;0,00;312194,00;4
4;124;3;ENFRENTAMENTO DA CORRUPÇÃO E RECUPERAÇÃO DE ATIVOS;0,00;0,00;;0,00;0,00;;0,00;353267,00;4
4;124;4;CGE INTEGRADA E EFICIENTE;0,00;0,00;;0,00;0,00;;0,00;370095,00;4
4;125;;NORMATIZAÇÃO E FISCALIZAÇÃO;86226630,00;0,00;;0,00;0,00;;0,00;232561040,00;3
4;125;132;MINAS EMPREENDEDORA: ESTADO MAIS SIMPLES E LIVRE PARA SE EMPREENDER;0,00;0,00;;0,00;0,00;;0,00;1086250,00;4
4;125;161;GESTÃO DE TRÂNSITO;86226630,00;0,00;;0,00;0,00;;0,00;231474790,00;4
4;126;;TECNOLOGIA DA INFORMAÇÃO;0,00;0,00;;25475300,00;1000,00;;0,00;203473404,00;3
4;126;4;CGE INTEGRADA E EFICIENTE;0,00;0,00;;0,00;0,00;;0,00;78364,00;4
4;126;33;GESTÃO DA INFORMAÇÃO COM USO DE TECNOLOGIA E COMUNICAÇÃO;0,00;0,00;;20000000,00;0,00;;0,00;186425345,00;4
4;126;149;TRANSFORMAÇÃO DIGITAL E ATENDIMENTO AO CIDADÃO;0,00;0,00;;5475300,00;0,00;;0,00;16968695,00;4
4;126;705;APOIO ÀS POLÍTICAS PÚBLICAS;0,00;0,00;;0,00;1000,00;;0,00;1000,00;4
4;127;;ORDENAMENTO TERRITORIAL;0,00;0,00;;0,00;0,00;;0,00;48340151,00;3
4;127;125;POLÍTICA DE REGULARIZAÇÃO FUNDIÁRIA E DE GESTÃO DE IMÓVEIS;0,00;0,00;;0,00;0,00;;0,00;48340151,00;4
4;128;;FORMAÇÃO DE RECURSOS HUMANOS;0,00;0,00;;0,00;0,00;;0,00;1415071,00;3
4;128;84;POLÍTICAS DE INTEGRAÇÃO, REGIONALIZAÇÃO E INOVAÇÃO;0,00;0,00;;0,00;0,00;;0,00;1415071,00;4
4;129;;ADMINISTRAÇÃO DE RECEITAS;0,00;0,00;;3801000,00;0,00;;0,00;46753450,00;3
4;129;20;FOMENTO E INCENTIVO DE INVESTIMENTOS;0,00;0,00;;0,00;0,00;;0,00;1000,00;4
4;129;45;RECEITA ESTADUAL DIGITAL, EFICIENTE, MODERNIZADA E MAIS JUSTA;0,00;0,00;;3801000,00;0,00;;0,00;46670916,00;4
4;129;125;POLÍTICA DE REGULARIZAÇÃO FUNDIÁRIA E DE GESTÃO DE IMÓVEIS;0,00;0,00;;0,00;0,00;;0,00;81534,00;4
4;130;;ADMINISTRAÇÃO DE CONCESSÕES;0,00;0,00;;377963880,00;1216310660,00;;0,00;1896333342,00;3
4;130;85;PROMOÇÃO DE CONCESSÕES E PARCERIAS;0,00;0,00;;332648060,00;1216310660,00;;0,00;1847036392,00;4
4;130;123;PROMOÇÃO DE CONCESSÕES E PARCERIAS;0,00;0,00;;45315820,00;0,00;;0,00;49296950,00;4
4;131;;COMUNICAÇÃO SOCIAL;0,00;0,00;;198000,00;0,00;;0,00;139261677,00;3
4;131;18;COMUNICAÇÃO INSTITUCIONAL E DE UTILIDADE PÚBLICA;0,00;0,00;;0,00;0,00;;0,00;129615886,00;4
4;131;109;GESTÃO DE CERIMONIAL E EVENTOS;0,00;0,00;;198000,00;0,00;;0,00;9645791,00;4
4;274;;PREVIDÊNCIA ESPECIAL;214736657,00;0,00;;0,00;0,00;;0,00;214736657,00;3
4;274;705;APOIO ÀS POLÍTICAS PÚBLICAS;214736657,00;0,00;;0,00;0,00;;0,00;214736657,00;4
6;;;SEGURANÇA PÚBLICA;24381831049,00;0,00;;529075883,00;1000,00;;0,00;28810119047,00;2
6;122;;ADMINISTRAÇÃO GERAL;6008101708,00;0,00;;1013433,00;0,00;;0,00;6989105554,00;3
6;122;705;APOIO ÀS POLÍTICAS PÚBLICAS;6008101708,00;0,00;;1013433,00;0,00;;0,00;6989105554,00;4
6;123;;ADMINISTRAÇÃO FINANCEIRA;0,00;0,00;;1000,00;0,00;;0,00;61837092,00;3
6;123;134;GESTÃO INTEGRADA DE SEGURANÇA PÚBLICA;0,00;0,00;;1000,00;0,00;;0,00;61837092,00;4
6;128;;FORMAÇÃO DE RECURSOS HUMANOS;48952075,00;0,00;;833960,00;0,00;;0,00;74362629,00;3
6;128;37;VALORIZAÇÃO E SAÚDE DO SERVIDOR;0,00;0,00;;773960,00;0,00;;0,00;2737937,00;4
6;128;52;PROMOÇÃO DE DEFESA CIVIL;48952075,00;0,00;;60000,00;0,00;;0,00;71624692,00;4
6;130;;ADMINISTRAÇÃO DE CONCESSÕES;0,00;0,00;;0,00;1000,00;;0,00;1000,00;3
6;130;85;PROMOÇÃO DE CONCESSÕES E PARCERIAS;0,00;0,00;;0,00;1000,00;;0,00;1000,00;4
6;181;;POLICIAMENTO;5890954252,00;0,00;;354354894,00;0,00;;0,00;7787842158,00;3
6;181;32;INVESTIGAÇÃO;0,00;0,00;;67224645,00;0,00;;0,00;199521933,00;4
6;181;46;SUPORTE AÉREO AOS SERVIÇOS PÚBLICOS ESTADUAIS;45139997,00;0,00;;1400000,00;0,00;;0,00;70913802,00;4
6;181;134;GESTÃO INTEGRADA DE SEGURANÇA PÚBLICA;0,00;0,00;;5513119,00;0,00;;0,00;57051173,00;4
6;181;135;PROTEÇÃO SOCIAL DOS MILITARES;0,00;0,00;;0,00;0,00;;0,00;68557,00;4
6;181;137;POLÍCIA OSTENSIVA;5845814255,00;0,00;;280217130,00;0,00;;0,00;7460286693,00;4
6;182;;DEFESA CIVIL;977158331,00;0,00;;59871847,00;0,00;;0,00;1239483124,00;3
6;182;47;SUPORTE ÀS AÇÕES DE COMBATE E RESPOSTA AOS DANOS CAUSADOS PELAS CHUVAS;0,00;0,00;;44750,00;0,00;;0,00;3418482,00;4
6;182;48;PROTEÇÃO E DEFESA CIVIL;0,00;0,00;;1130000,00;0,00;;0,00;3115906,00;4
6;182;52;PROMOÇÃO DE DEFESA CIVIL;977158331,00;0,00;;41637097,00;0,00;;0,00;1209726233,00;4
6;182;101;PROGRAMA ENCONTRO DAS ÁGUAS;0,00;0,00;;17060000,00;0,00;;0,00;23221503,00;4
6;182;705;APOIO ÀS POLÍTICAS PÚBLICAS;0,00;0,00;;0,00;0,00;;0,00;1000,00;4
6;183;;INFORMAÇÃO E INTELIGÊNCIA;0,00;0,00;;0,00;0,00;;0,00;34063794,00;3
6;183;36;IDENTIFICAÇÃO CIVIL E CRIMINAL;0,00;0,00;;0,00;0,00;;0,00;29544660,00;4
6;183;50;SEGURANÇA E INTELIGÊNCIA GOVERNAMENTAL;0,00;0,00;;0,00;0,00;;0,00;4345985,00;4
6;183;134;GESTÃO INTEGRADA DE SEGURANÇA PÚBLICA;0,00;0,00;;0,00;0,00;;0,00;173149,00;4
6;243;;ASSISTÊNCIA À CRIANÇA E AO ADOLESCENTE;0,00;0,00;;29500000,00;0,00;;0,00;56339079,00;3
6;243;146;PROMOÇÃO DA POLÍTICA SOCIOEDUCATIVA PARA ATENDIMENTO AOS ADOLESCENTES EM CONFLITO COM A LEI;0,00;0,00;;29500000,00;0,00;;0,00;56339079,00;4
6;272;;PREVIDÊNCIA DO REGIME ESTATUTÁRIO;11456664683,00;0,00;;0,00;0,00;;0,00;11456664683,00;3
6;272;705;APOIO ÀS POLÍTICAS PÚBLICAS;11456664683,00;0,00;;0,00;0,00;;0,00;11456664683,00;4
6;331;;PROTEÇÃO E BENEFÍCIOS AO TRABALHADOR;0,00;0,00;;0,00;0,00;;0,00;88959,00;3
6;331;134;GESTÃO INTEGRADA DE SEGURANÇA PÚBLICA;0,00;0,00;;0,00;0,00;;0,00;88959,00;4
6;363;;ENSINO PROFISSIONAL;0,00;0,00;;0,00;0,00;;0,00;3245315,00;3
6;363;134;GESTÃO INTEGRADA DE SEGURANÇA PÚBLICA;0,00;0,00;;0,00;0,00;;0,00;3245315,00;4
6;421;;CUSTÓDIA E REINTEGRAÇÃO SOCIAL;0,00;0,00;;80276301,00;0,00;;0,00;1034612164,00;3
6;421;128;PROGRAMA DE APOIO A AMPLIAÇÃO E A MELHORIA DOS SISTEMAS PRISIONAL E SOCIOEDUCATIVO;0,00;0,00;;21225633,00;0,00;;0,00;27155347,00;4
6;421;129;PREVENÇÃO À CRIMINALIDADE;0,00;0,00;;314498,00;0,00;;0,00;54682791,00;4
6;421;130;INFRAESTRUTURA DO SISTEMA PRISIONAL;0,00;0,00;;58736170,00;0,00;;0,00;952774026,00;4
6;422;;DIREITOS INDIVIDUAIS, COLETIVOS E DIFUSOS;0,00;0,00;;3224448,00;0,00;;0,00;59494425,00;3
6;422;36;IDENTIFICAÇÃO CIVIL E CRIMINAL;0,00;0,00;;2724448,00;0,00;;0,00;52219071,00;4
6;422;141;POLÍTICAS SOBRE DROGAS;0,00;0,00;;500000,00;0,00;;0,00;7275354,00;4
6;781;;TRANSPORTE AÉREO;0,00;0,00;;0,00;0,00;;0,00;8615267,00;3
6;781;46;SUPORTE AÉREO AOS SERVIÇOS PÚBLICOS ESTADUAIS;0,00;0,00;;0,00;0,00;;0,00;8615267,00;4
6;782;;TRANSPORTE RODOVIÁRIO;0,00;0,00;;0,00;0,00;;0,00;4363804,00;3
6;782;34;SUPORTE ÀS AÇÕES DE TRANSPORTE RODOVIÁRIO;0,00;0,00;;0,00;0,00;;0,00;4363804,00;4
7;;;RELAÇÕES EXTERIORES;0,00;0,00;;0,00;0,00;;0,00;623560,00;2
7;212;;COOPERAÇÃO INTERNACIONAL;0,00;0,00;;0,00;0,00;;0,00;623560,00;3
7;212;131;ARTICULAÇÃO INTERFEDERATIVA, ATRAÇÃO DE INVESTIMENTOS, CAPTAÇÃO E TRANSFERÊNCIA DE RECURSOS E PARCERIAS;0,00;0,00;;0,00;0,00;;0,00;623560,00;4
8;;;ASSISTÊNCIA SOCIAL;1368017,00;0,00;;32691807,00;0,00;;0,00;227506684,00;2
8;182;;DEFESA CIVIL;0,00;0,00;;1000,00;0,00;;0,00;1000,00;3
8;182;47;SUPORTE ÀS AÇÕES DE COMBATE E RESPOSTA AOS DANOS CAUSADOS PELAS CHUVAS;0,00;0,00;;1000,00;0,00;;0,00;1000,00;4
8;242;;ASSISTÊNCIA AO PORTADOR DE DEFICIÊNCIA;0,00;0,00;;0,00;0,00;;0,00;240000,00;3
8;242;71;FORTALECIMENTO DO SISTEMA ÚNICO DE ASSISTÊNCIA SOCIAL - SUAS;0,00;0,00;;0,00;0,00;;0,00;240000,00;4
8;244;;ASSISTÊNCIA COMUNITÁRIA;0,00;0,00;;30843788,00;0,00;;0,00;211860271,00;3
8;244;71;FORTALECIMENTO DO SISTEMA ÚNICO DE ASSISTÊNCIA SOCIAL - SUAS;0,00;0,00;;30843788,00;0,00;;0,00;210659271,00;4
8;244;83;POLÍTICAS DE PROMOÇÃO AO DESENVOLVIMENTO SOCIAL NO CONTEXTO RURAL - PERCURSOS GERAIS: TRAJETÓRIA PARA AUTONOMIA;0,00;0,00;;0,00;0,00;;0,00;1000,00;4
8;244;138;CONCESSÃO DE AUXÍLIO FINANCEIRO, SEGURO E PECÚLIO;0,00;0,00;;0,00;0,00;;0,00;1200000,00;4
8;511;;SANEAMENTO BÁSICO RURAL;0,00;0,00;;0,00;0,00;;0,00;1000,00;3
8;511;56;DESENVOLVIMENTO DA INFRAESTRUTURA DO NORTE E NORDESTE DE MINAS GERAIS;0,00;0,00;;0,00;0,00;;0,00;1000,00;4
8;544;;RECURSOS HÍDRICOS;1368017,00;0,00;;1847019,00;0,00;;0,00;15404413,00;3
8;544;101;PROGRAMA ENCONTRO DAS ÁGUAS;1368017,00;0,00;;1847019,00;0,00;;0,00;15404413,00;4
9;;;PREVIDÊNCIA SOCIAL;28163227620,00;0,00;;14919715,00;12254750,00;;0,00;28642113305,00;2
9;122;;ADMINISTRAÇÃO GERAL;10684145,00;0,00;;8170309,00;0,00;;0,00;54120384,00;3
9;122;705;APOIO ÀS POLÍTICAS PÚBLICAS;10684145,00;0,00;;8170309,00;0,00;;0,00;54120384,00;4
9;272;;PREVIDÊNCIA DO REGIME ESTATUTÁRIO;28152543475,00;0,00;;0,00;0,00;;0,00;28486136314,00;3
9;272;8;PRESTAÇÃO DE SERVIÇOS PREVIDENCIÁRIOS;1012154,00;0,00;;0,00;0,00;;0,00;32288038,00;4
9;272;138;CONCESSÃO DE AUXÍLIO FINANCEIRO, SEGURO E PECÚLIO;0,00;0,00;;0,00;0,00;;0,00;126037426,00;4
9;272;705;APOIO ÀS POLÍTICAS PÚBLICAS;28151531321,00;0,00;;0,00;0,00;;0,00;28327810850,00;4
9;274;;PREVIDÊNCIA ESPECIAL;0,00;0,00;;6749406,00;12254750,00;;0,00;101856607,00;3
9;274;705;APOIO ÀS POLÍTICAS PÚBLICAS;0,00;0,00;;0,00;0,00;;0,00;76457271,00;4
9;274;766;BENEFÍCIOS ASSISTENCIAIS;0,00;0,00;;0,00;0,00;;0,00;6395180,00;4
9;274;767;RESERVA DE BENEFÍCIOS;0,00;0,00;;6749406,00;12254750,00;;0,00;19004156,00;4
10;;;SAÚDE;2959979662,00;0,00;;1028072210,00;1000,00;;0,00;20536247127,00;2
10;61;;AÇÃO JUDICIÁRIA;0,00;0,00;;3338000,00;0,00;;0,00;717096132,00;3
10;61;62;ACESSO A SERVIÇOS DE SAÚDE;0,00;0,00;;3338000,00;0,00;;0,00;717096132,00;4
10;122;;ADMINISTRAÇÃO GERAL;2348323939,00;0,00;;81909127,00;0,00;;0,00;3923399577,00;3
10;122;39;GESTÃO DA ASSISTÊNCIA À SAÚDE;0,00;0,00;;7800000,00;0,00;;0,00;27018840,00;4
10;122;59;APOIO À GESTÃO DO SUS;0,00;0,00;;22680040,00;0,00;;0,00;291129004,00;4
10;122;166;EXECUÇÃO DESCENTRALIZADA E AUTÔNOMA DAS AÇÕES E SERVIÇOS DE SAÚDE;0,00;0,00;;0,00;0,00;;0,00;224346201,00;4
10;122;705;APOIO ÀS POLÍTICAS PÚBLICAS;2348323939,00;0,00;;51429087,00;0,00;;0,00;3380905532,00;4
10;128;;FORMAÇÃO DE RECURSOS HUMANOS;0,00;0,00;;1560000,00;0,00;;0,00;36032502,00;3
10;128;28;DESENVOLVIMENTO DE AÇÕES DE EDUCAÇÃO E PESQUISA PARA O SISTEMA ÚNICO DE SAÚDE;0,00;0,00;;1560000,00;0,00;;0,00;4493220,00;4
10;128;166;EXECUÇÃO DESCENTRALIZADA E AUTÔNOMA DAS AÇÕES E SERVIÇOS DE SAÚDE;0,00;0,00;;0,00;0,00;;0,00;31539282,00;4
10;130;;ADMINISTRAÇÃO DE CONCESSÕES;0,00;0,00;;0,00;1000,00;;0,00;1000,00;3
10;130;85;PROMOÇÃO DE CONCESSÕES E PARCERIAS;0,00;0,00;;0,00;1000,00;;0,00;1000,00;4
10;242;;ASSISTÊNCIA AO PORTADOR DE DEFICIÊNCIA;0,00;0,00;;1000000,00;0,00;;0,00;221549539,00;3
10;242;61;ATENÇÃO ESPECIALIZADA À SAÚDE;0,00;0,00;;1000000,00;0,00;;0,00;221549539,00;4
10;243;;ASSISTÊNCIA À CRIANÇA E AO ADOLESCENTE;19085981,00;0,00;;201825,00;0,00;;0,00;25484987,00;3
10;243;146;PROMOÇÃO DA POLÍTICA SOCIOEDUCATIVA PARA ATENDIMENTO AOS ADOLESCENTES EM CONFLITO COM A LEI;19085981,00;0,00;;201825,00;0,00;;0,00;25484987,00;4
10;301;;ATENÇÃO BÁSICA;0,00;0,00;;278913421,00;0,00;;0,00;1502353500,00;3
10;301;60;ATENÇÃO PRIMÁRIA À SAÚDE;0,00;0,00;;278913421,00;0,00;;0,00;1489795260,00;4
10;301;68;PRIMEIRA INFÂNCIA MINAS;0,00;0,00;;0,00;0,00;;0,00;12558240,00;4
10;302;;ASSISTÊNCIA HOSPITALAR E AMBULATORIAL;358334173,00;0,00;;610717645,00;0,00;;0,00;11782649217,00;3
10;302;6;ASSISTÊNCIA À SAÚDE DOS SEGURADOS E DOS SEUS DEPENDENTES;0,00;0,00;;1022,00;0,00;;0,00;896871229,00;4
10;302;7;EDUCAÇÃO SUPERIOR;0,00;0,00;;0,00;0,00;;0,00;1000,00;4
10;302;19;ATENÇÃO HOSPITALAR ESPECIALIZADA;0,00;0,00;;153362000,00;0,00;;0,00;913399767,00;4
10;302;37;VALORIZAÇÃO E SAÚDE DO SERVIDOR;0,00;0,00;;44464,00;0,00;;0,00;1562970,00;4
10;302;39;GESTÃO DA ASSISTÊNCIA À SAÚDE;0,00;0,00;;0,00;0,00;;0,00;1324433163,00;4
10;302;52;PROMOÇÃO DE DEFESA CIVIL;33932321,00;0,00;;48202,00;0,00;;0,00;39216214,00;4
10;302;53;ATENDIMENTO PRÉ-HOSPITALAR;0,00;0,00;;5390991,00;0,00;;0,00;8281747,00;4
10;302;58;POLÍTICAS DE ATENÇÃO HOSPITALAR;0,00;0,00;;286310635,00;0,00;;0,00;3238235028,00;4
10;302;61;ATENÇÃO ESPECIALIZADA À SAÚDE;0,00;0,00;;19088771,00;0,00;;0,00;543411932,00;4
10;302;62;ACESSO A SERVIÇOS DE SAÚDE;0,00;0,00;;37051085,00;0,00;;0,00;841259258,00;4
10;302;87;ASSISTÊNCIA EM HEMATOLOGIA, HEMOTERAPIA,CÉLULAS E TECIDOS BIOLÓGICOS;0,00;0,00;;20941504,00;0,00;;0,00;212426101,00;4
10;302;88;SERVIÇOS DE SAÚDE PRESTADOS PELO IPSEMG NA REDE PRÓPRIA;0,00;0,00;;78724864,00;0,00;;0,00;432671114,00;4
10;302;135;PROTEÇÃO SOCIAL DOS MILITARES;324401852,00;0,00;;9754107,00;0,00;;0,00;506024615,00;4
10;302;166;EXECUÇÃO DESCENTRALIZADA E AUTÔNOMA DAS AÇÕES E SERVIÇOS DE SAÚDE;0,00;0,00;;0,00;0,00;;0,00;2824854079,00;4
10;302;764;ASSISTÊNCIA COMPLEMENTAR;0,00;0,00;;0,00;0,00;;0,00;1000,00;4
10;303;;SUPORTE PROFILÁTICO E TERAPÊUTICO;106487799,00;0,00;;17018129,00;0,00;;0,00;1648177388,00;3
10;303;64;ASSISTÊNCIA FARMACÊUTICA;0,00;0,00;;3167514,00;0,00;;0,00;482208033,00;4
10;303;153;VIGILÂNCIA LABORATORIAL EM SAÚDE PÚBLICA;0,00;0,00;;7878420,00;0,00;;0,00;44186869,00;4
10;303;154;DESENVOLVIMENTO E PRODUÇÃO DE MEDICAMENTOS PARA O SISTEMA ÚNICO DE SAÚDE (SUS);0,00;0,00;;5972195,00;0,00;;0,00;348820627,00;4
10;303;166;EXECUÇÃO DESCENTRALIZADA E AUTÔNOMA DAS AÇÕES E SERVIÇOS DE SAÚDE;0,00;0,00;;0,00;0,00;;0,00;651486526,00;4
10;303;705;APOIO ÀS POLÍTICAS PÚBLICAS;106487799,00;0,00;;0,00;0,00;;0,00;121475333,00;4
10;304;;VIGILÂNCIA SANITÁRIA;0,00;0,00;;3222300,00;0,00;;0,00;48751236,00;3
10;304;63;VIGILÂNCIA EM SAÚDE;0,00;0,00;;3222300,00;0,00;;0,00;48751236,00;4
10;305;;VIGILÂNCIA EPIDEMIOLÓGICA;0,00;0,00;;23766625,00;0,00;;0,00;378459015,00;3
10;305;63;VIGILÂNCIA EM SAÚDE;0,00;0,00;;23766625,00;0,00;;0,00;373994258,00;4
10;305;101;PROGRAMA ENCONTRO DAS ÁGUAS;0,00;0,00;;0,00;0,00;;0,00;4464757,00;4
10;421;;CUSTÓDIA E REINTEGRAÇÃO SOCIAL;127747770,00;0,00;;6011666,00;0,00;;0,00;180299464,00;3
10;421;130;INFRAESTRUTURA DO SISTEMA PRISIONAL;127747770,00;0,00;;6011666,00;0,00;;0,00;180299464,00;4
10;422;;DIREITOS INDIVIDUAIS, COLETIVOS E DIFUSOS;0,00;0,00;;0,00;0,00;;0,00;19529872,00;3
10;422;141;POLÍTICAS SOBRE DROGAS;0,00;0,00;;0,00;0,00;;0,00;19529872,00;4
10;571;;DESENVOLVIMENTO CIENTÍFICO;0,00;0,00;;413472,00;0,00;;0,00;52463698,00;3
10;571;150;UNIVERSALIZAÇÃO DO ACESSO AO CONHECIMENTO CIENTÍFICO E TECNOLÓGICO;0,00;0,00;;171511,00;0,00;;0,00;16661208,00;4
10;571;152;INOVAÇÃO CIENTÍFICA E TECNOLÓGICA;0,00;0,00;;241961,00;0,00;;0,00;35802490,00;4
11;;;TRABALHO;8516755,00;0,00;;10000,00;0,00;;0,00;35148742,00;2
11;122;;ADMINISTRAÇÃO GERAL;1997869,00;0,00;;0,00;0,00;;0,00;3463384,00;3
11;122;705;APOIO ÀS POLÍTICAS PÚBLICAS;1997869,00;0,00;;0,00;0,00;;0,00;3463384,00;4
11;242;;ASSISTÊNCIA AO PORTADOR DE DEFICIÊNCIA;0,00;0,00;;0,00;0,00;;0,00;195185,00;3
11;242;5;PROGRAMA MINEIRO DE ACESSIBILIDADE, INCLUSÃO E SAÚDE (PROMAIS);0,00;0,00;;0,00;0,00;;0,00;195185,00;4
11;334;;FOMENTO AO TRABALHO;5071361,00;0,00;;10000,00;0,00;;0,00;26293710,00;3
11;334;66;POLÍTICAS DE TRABALHO E EMPREGO;5071361,00;0,00;;10000,00;0,00;;0,00;24164800,00;4
11;334;83;POLÍTICAS DE PROMOÇÃO AO DESENVOLVIMENTO SOCIAL NO CONTEXTO RURAL - PERCURSOS GERAIS: TRAJETÓRIA PARA AUTONOMIA;0,00;0,00;;0,00;0,00;;0,00;23720,00;4
11;334;104;ENFRENTAMENTO À VULNERABILIDADE NOS TERRITÓRIOS DE ATUAÇÃO DA FUCAM;0,00;0,00;;0,00;0,00;;0,00;2105190,00;4
11;363;;ENSINO PROFISSIONAL;1447525,00;0,00;;0,00;0,00;;0,00;5196463,00;3
11;363;67;REDE DE DESENVOLVIMENTO DA EDUCAÇÃO PROFISSIONAL;1447525,00;0,00;;0,00;0,00;;0,00;5196463,00;4
12;;;EDUCAÇÃO;16379140760,00;0,00;;1303770790,00;10001000,00;;0,00;22491762733,00;2
12;122;;ADMINISTRAÇÃO GERAL;698194954,00;0,00;;1215894,00;0,00;;0,00;826940480,00;3
12;122;705;APOIO ÀS POLÍTICAS PÚBLICAS;698194954,00;0,00;;1215894,00;0,00;;0,00;826940480,00;4
12;130;;ADMINISTRAÇÃO DE CONCESSÕES;0,00;0,00;;0,00;1000,00;;0,00;1000,00;3
12;130;85;PROMOÇÃO DE CONCESSÕES E PARCERIAS;0,00;0,00;;0,00;1000,00;;0,00;1000,00;4
12;242;;ASSISTÊNCIA AO PORTADOR DE DEFICIÊNCIA;0,00;0,00;;100000,00;0,00;;0,00;100000,00;3
12;242;75;AMPLIAÇÃO E MODERNIZAÇÃO DA FUNDAÇÃO HELENA ANTIPOFF;0,00;0,00;;100000,00;0,00;;0,00;100000,00;4
12;243;;ASSISTÊNCIA À CRIANÇA E AO ADOLESCENTE;0,00;0,00;;45020,00;0,00;;0,00;136139820,00;3
12;243;146;PROMOÇÃO DA POLÍTICA SOCIOEDUCATIVA PARA ATENDIMENTO AOS ADOLESCENTES EM CONFLITO COM A LEI;0,00;0,00;;45020,00;0,00;;0,00;136139820,00;4
12;244;;ASSISTÊNCIA COMUNITÁRIA;695924,00;0,00;;0,00;0,00;;0,00;1068308,00;3
12;244;51;ATENDIMENTO COMUNITÁRIO E PSICOPEDAGOGICO NA FUNDACÃO HELENA ANTIPOFF;695924,00;0,00;;0,00;0,00;;0,00;1068308,00;4
12;302;;ASSISTÊNCIA HOSPITALAR E AMBULATORIAL;0,00;0,00;;5191657,00;0,00;;0,00;84144138,00;3
12;302;7;EDUCAÇÃO SUPERIOR;0,00;0,00;;5191657,00;0,00;;0,00;84144138,00;4
12;306;;ALIMENTAÇÃO E NUTRIÇÃO;0,00;0,00;;0,00;0,00;;0,00;688645294,00;3
12;306;163;ALIMENTAÇÃO ESCOLAR;0,00;0,00;;0,00;0,00;;0,00;688645294,00;4
12;361;;ENSINO FUNDAMENTAL;7343212540,00;0,00;;49265849,00;0,00;;0,00;7625155729,00;3
12;361;42;DESENVOLVIMENTO DA EDUCAÇÃO BÁSICA;10627094,00;0,00;;1390000,00;0,00;;0,00;14124921,00;4
12;361;104;ENFRENTAMENTO À VULNERABILIDADE NOS TERRITÓRIOS DE ATUAÇÃO DA FUCAM;0,00;0,00;;0,00;0,00;;0,00;10000,00;4
12;361;136;EDUCAÇÃO ESCOLAR;21085035,00;0,00;;0,00;0,00;;0,00;28908996,00;4
12;361;162;PROGRAMA DE DESENVOLVIMENTO E GESTÃO DE PESSOAS DA REDE ESTADUAL DE ENSINO;7311500411,00;0,00;;0,00;0,00;;0,00;7413237763,00;4
12;361;167;PROGRAMA ESTADUAL DE DESENVOLVIMENTO DA EDUCAÇÃO BÁSICA;0,00;0,00;;1450000,00;0,00;;0,00;118550000,00;4
12;361;172;PROGRAMA ESTADUAL DE COOPERACAO ESTADO-MUNICIPIO NA AREA EDUCACIONAL;0,00;0,00;;46425849,00;0,00;;0,00;50324049,00;4
12;362;;ENSINO MÉDIO;5101100412,00;0,00;;2020000,00;0,00;;0,00;5303262270,00;3
12;362;42;DESENVOLVIMENTO DA EDUCAÇÃO BÁSICA;7203179,00;0,00;;20000,00;0,00;;0,00;8334477,00;4
12;362;104;ENFRENTAMENTO À VULNERABILIDADE NOS TERRITÓRIOS DE ATUAÇÃO DA FUCAM;0,00;0,00;;0,00;0,00;;0,00;10000,00;4
12;362;136;EDUCAÇÃO ESCOLAR;202265840,00;0,00;;0,00;0,00;;0,00;258870712,00;4
12;362;162;PROGRAMA DE DESENVOLVIMENTO E GESTÃO DE PESSOAS DA REDE ESTADUAL DE ENSINO;4891631393,00;0,00;;0,00;0,00;;0,00;4969447081,00;4
12;362;167;PROGRAMA ESTADUAL DE DESENVOLVIMENTO DA EDUCAÇÃO BÁSICA;0,00;0,00;;2000000,00;0,00;;0,00;66600000,00;4
12;363;;ENSINO PROFISSIONAL;173469456,00;0,00;;19764336,00;0,00;;0,00;1227942821,00;3
12;363;7;EDUCAÇÃO SUPERIOR;0,00;0,00;;19749152,00;0,00;;0,00;32747660,00;4
12;363;52;PROMOÇÃO DE DEFESA CIVIL;0,00;0,00;;0,00;0,00;;0,00;147911,00;4
12;363;67;REDE DE DESENVOLVIMENTO DA EDUCAÇÃO PROFISSIONAL;0,00;0,00;;0,00;0,00;;0,00;11205193,00;4
12;363;104;ENFRENTAMENTO À VULNERABILIDADE NOS TERRITÓRIOS DE ATUAÇÃO DA FUCAM;1950927,00;0,00;;15184,00;0,00;;0,00;6914889,00;4
12;363;105;FORMAÇÃO E CAPACITAÇÃO TÉCNICO-CULTURAL;3139733,00;0,00;;0,00;0,00;;0,00;5951619,00;4
12;363;162;PROGRAMA DE DESENVOLVIMENTO E GESTÃO DE PESSOAS DA REDE ESTADUAL DE ENSINO;165870916,00;0,00;;0,00;0,00;;0,00;169089586,00;4
12;363;167;PROGRAMA ESTADUAL DE DESENVOLVIMENTO DA EDUCAÇÃO BÁSICA;0,00;0,00;;0,00;0,00;;0,00;998575018,00;4
12;363;705;APOIO ÀS POLÍTICAS PÚBLICAS;2507880,00;0,00;;0,00;0,00;;0,00;3310945,00;4
12;364;;ENSINO SUPERIOR;23701414,00;0,00;;29920524,00;0,00;;0,00;287800800,00;3
12;364;7;EDUCAÇÃO SUPERIOR;0,00;0,00;;4036512,00;0,00;;0,00;70666370,00;4
12;364;15;ENSINO SUPERIOR PARA A AGRICULTURA E PECUÁRIA;15786981,00;0,00;;12802591,00;0,00;;0,00;37010368,00;4
12;364;26;DESENVOLVIMENTO DO ENSINO SUPERIOR NA UEMG;0,00;0,00;;13080421,00;0,00;;0,00;161354179,00;4
12;364;91;APRIMORAMENTO DA GESTÃO PÚBLICA POR MEIO DE ENSINO DE EXCELÊNCIA;7914433,00;0,00;;0,00;0,00;;0,00;18768883,00;4
12;364;168;GESTÃO DA REDE FÍSICA ESTADUAL DE ENSINO;0,00;0,00;;1000,00;0,00;;0,00;1000,00;4
12;365;;EDUCAÇÃO INFANTIL;5326830,00;0,00;;0,00;0,00;;0,00;5402168,00;3
12;365;162;PROGRAMA DE DESENVOLVIMENTO E GESTÃO DE PESSOAS DA REDE ESTADUAL DE ENSINO;5326830,00;0,00;;0,00;0,00;;0,00;5402168,00;4
12;366;;EDUCAÇÃO DE JOVENS E ADULTOS;391159816,00;0,00;;0,00;0,00;;0,00;397088687,00;3
12;366;162;PROGRAMA DE DESENVOLVIMENTO E GESTÃO DE PESSOAS DA REDE ESTADUAL DE ENSINO;391159816,00;0,00;;0,00;0,00;;0,00;396088687,00;4
12;366;167;PROGRAMA ESTADUAL DE DESENVOLVIMENTO DA EDUCAÇÃO BÁSICA;0,00;0,00;;0,00;0,00;;0,00;1000000,00;4
12;367;;EDUCAÇÃO ESPECIAL;1865834149,00;0,00;;7500000,00;0,00;;0,00;1904657288,00;3
12;367;5;PROGRAMA MINEIRO DE ACESSIBILIDADE, INCLUSÃO E SAÚDE (PROMAIS);0,00;0,00;;7500000,00;0,00;;0,00;15000000,00;4
12;367;162;PROGRAMA DE DESENVOLVIMENTO E GESTÃO DE PESSOAS DA REDE ESTADUAL DE ENSINO;1865834149,00;0,00;;0,00;0,00;;0,00;1889657288,00;4
12;368;;EDUCAÇÃO BÁSICA;776445265,00;0,00;;1188737510,00;10000000,00;;0,00;3400471056,00;3
12;368;37;VALORIZAÇÃO E SAÚDE DO SERVIDOR;0,00;0,00;;6477,00;0,00;;0,00;1233820,00;4
12;368;42;DESENVOLVIMENTO DA EDUCAÇÃO BÁSICA;0,00;0,00;;0,00;0,00;;0,00;8854922,00;4
12;368;51;ATENDIMENTO COMUNITÁRIO E PSICOPEDAGOGICO NA FUNDACÃO HELENA ANTIPOFF;797558,00;0,00;;0,00;0,00;;0,00;948810,00;4
12;368;76;DESENVOLVIMENTO DA EDUCAÇÃO PROFISSIONAL TÉCNICA;7008569,00;0,00;;1690000,00;0,00;;0,00;10360816,00;4
12;368;89;MEMÓRIA VIVA: DIFUSÃO CULTURAL, PATRIMÔNIO MATERIAL E IMATERIAL;1312448,00;0,00;;20000,00;0,00;;0,00;1481149,00;4
12;368;101;PROGRAMA ENCONTRO DAS ÁGUAS;0,00;0,00;;3000000,00;0,00;;0,00;4300000,00;4
12;368;127;ESCOLA SEGURA;0,00;0,00;;0,00;0,00;;0,00;3000,00;4
12;368;162;PROGRAMA DE DESENVOLVIMENTO E GESTÃO DE PESSOAS DA REDE ESTADUAL DE ENSINO;767326690,00;0,00;;9760000,00;0,00;;0,00;926545477,00;4
12;368;163;ALIMENTAÇÃO ESCOLAR;0,00;0,00;;0,00;0,00;;0,00;50400000,00;4
12;368;165;ORGANIZAÇÃO, AVALIAÇÃO E GESTÃO ESCOLAR;0,00;0,00;;0,00;0,00;;0,00;55619119,00;4
12;368;167;PROGRAMA ESTADUAL DE DESENVOLVIMENTO DA EDUCAÇÃO BÁSICA;0,00;0,00;;2610000,00;0,00;;0,00;166252641,00;4
12;368;168;GESTÃO DA REDE FÍSICA ESTADUAL DE ENSINO;0,00;0,00;;1078408263,00;10000000,00;;0,00;1784166258,00;4
12;368;169;GESTÃO DO SISTEMA ESTADUAL DE EDUCAÇÃO;0,00;0,00;;93242770,00;0,00;;0,00;390305044,00;4
12;572;;DESENVOLVIMENTO TECNOLÓGICO E ENGENHARIA;0,00;0,00;;10000,00;0,00;;0,00;10000,00;3
12;572;75;AMPLIAÇÃO E MODERNIZAÇÃO DA FUNDAÇÃO HELENA ANTIPOFF;0,00;0,00;;10000,00;0,00;;0,00;10000,00;4
12;782;;TRANSPORTE RODOVIÁRIO;0,00;0,00;;0,00;0,00;;0,00;602484480,00;3
12;782;172;PROGRAMA ESTADUAL DE COOPERACAO ESTADO-MUNICIPIO NA AREA EDUCACIONAL;0,00;0,00;;0,00;0,00;;0,00;602484480,00;4
12;812;;DESPORTO COMUNITÁRIO;0,00;0,00;;0,00;0,00;;0,00;448394,00;3
12;812;75;AMPLIAÇÃO E MODERNIZAÇÃO DA FUNDAÇÃO HELENA ANTIPOFF;0,00;0,00;;0,00;0,00;;0,00;448394,00;4
13;;;CULTURA;84927786,00;0,00;;42380209,00;0,00;;0,00;459964492,00;2
13;122;;ADMINISTRAÇÃO GERAL;66375808,00;0,00;;9740,00;0,00;;0,00;107012540,00;3
13;122;705;APOIO ÀS POLÍTICAS PÚBLICAS;66375808,00;0,00;;9740,00;0,00;;0,00;107012540,00;4
13;131;;COMUNICAÇÃO SOCIAL;14450651,00;0,00;;0,00;0,00;;0,00;27738460,00;3
13;131;102;FOMENTO À ECONOMIA DA CRIATIVIDADE;0,00;0,00;;0,00;0,00;;0,00;1000,00;4
13;131;121;ACESSO E ALCANCE À COMUNICAÇÃO DE INTERESSE PÚBLICO;7911329,00;0,00;;0,00;0,00;;0,00;19304672,00;4
13;131;705;APOIO ÀS POLÍTICAS PÚBLICAS;6539322,00;0,00;;0,00;0,00;;0,00;8432788,00;4
13;391;;PATRIMÔNIO HISTÓRICO, ARTÍSTICO E ARQUEOLÓGICO;0,00;0,00;;2786180,00;0,00;;0,00;7757128,00;3
13;391;102;FOMENTO À ECONOMIA DA CRIATIVIDADE;0,00;0,00;;0,00;0,00;;0,00;54410,00;4
13;391;103;ESPAÇOS CULTURAIS, CORPOS ARTÍSTICOS E ÓRGÃOS COLEGIADOS;0,00;0,00;;0,00;0,00;;0,00;32690,00;4
13;391;105;FORMAÇÃO E CAPACITAÇÃO TÉCNICO-CULTURAL;0,00;0,00;;0,00;0,00;;0,00;228052,00;4
13;391;106;PROTEÇÃO E SALVAGUARDA DE ACERVOS E BENS CULTURAIS;0,00;0,00;;2786180,00;0,00;;0,00;7441976,00;4
13;392;;DIFUSÃO CULTURAL;0,00;0,00;;39584289,00;0,00;;0,00;305649330,00;3
13;392;5;PROGRAMA MINEIRO DE ACESSIBILIDADE, INCLUSÃO E SAÚDE (PROMAIS);0,00;0,00;;0,00;0,00;;0,00;1000,00;4
13;392;102;FOMENTO À ECONOMIA DA CRIATIVIDADE;0,00;0,00;;36087654,00;0,00;;0,00;254688907,00;4
13;392;103;ESPAÇOS CULTURAIS, CORPOS ARTÍSTICOS E ÓRGÃOS COLEGIADOS;0,00;0,00;;3496635,00;0,00;;0,00;50485423,00;4
13;392;105;FORMAÇÃO E CAPACITAÇÃO TÉCNICO-CULTURAL;0,00;0,00;;0,00;0,00;;0,00;474000,00;4
13;573;;DIFUSÃO DO CONHECIMENTO CIENTÍFICO E TECNOLÓGICO;0,00;0,00;;0,00;0,00;;0,00;747779,00;3
13;573;93;PROMOÇÃO E PRESERVAÇÃO DA MEMÓRIA TÉCNICO-CIENTÍFICA DO ESTADO DE MINAS GERAIS;0,00;0,00;;0,00;0,00;;0,00;747779,00;4
13;722;;TELECOMUNICAÇÕES;4101327,00;0,00;;0,00;0,00;;0,00;11059255,00;3
13;722;121;ACESSO E ALCANCE À COMUNICAÇÃO DE INTERESSE PÚBLICO;4101327,00;0,00;;0,00;0,00;;0,00;11059255,00;4
14;;;DIREITOS DA CIDADANIA;76955318,00;0,00;;7172861,00;0,00;;0,00;148793632,00;2
14;122;;ADMINISTRAÇÃO GERAL;65867159,00;0,00;;0,00;0,00;;0,00;84777817,00;3
14;122;54;GOVERNANÇA PARA INTEGRIDADE E MELHORES RESULTADOS EM SERVIÇOS PÚBLICOS;0,00;0,00;;0,00;0,00;;0,00;20000,00;4
14;122;705;APOIO ÀS POLÍTICAS PÚBLICAS;65867159,00;0,00;;0,00;0,00;;0,00;84757817,00;4
14;124;;CONTROLE INTERNO;0,00;0,00;;0,00;0,00;;0,00;17159,00;3
14;124;55;CONTROLE SOCIAL ATRAVÉS DA DEFESA DOS USUÁRIOS DE SERVIÇOS PÚBLICOS;0,00;0,00;;0,00;0,00;;0,00;17159,00;4
14;128;;FORMAÇÃO DE RECURSOS HUMANOS;0,00;0,00;;0,00;0,00;;0,00;10113,00;3
14;128;54;GOVERNANÇA PARA INTEGRIDADE E MELHORES RESULTADOS EM SERVIÇOS PÚBLICOS;0,00;0,00;;0,00;0,00;;0,00;10113,00;4
14;131;;COMUNICAÇÃO SOCIAL;0,00;0,00;;0,00;0,00;;0,00;48808,00;3
14;131;55;CONTROLE SOCIAL ATRAVÉS DA DEFESA DOS USUÁRIOS DE SERVIÇOS PÚBLICOS;0,00;0,00;;0,00;0,00;;0,00;48808,00;4
14;241;;ASSISTÊNCIA AO IDOSO;0,00;0,00;;576514,00;0,00;;0,00;1153028,00;3
14;241;70;POLÍTICAS DE DIREITOS HUMANOS;0,00;0,00;;576514,00;0,00;;0,00;1153028,00;4
14;243;;ASSISTÊNCIA À CRIANÇA E AO ADOLESCENTE;0,00;0,00;;207657,00;0,00;;0,00;16637374,00;3
14;243;23;POLÍTICAS PARA CRIANÇAS E ADOLESCENTES;0,00;0,00;;207657,00;0,00;;0,00;2322314,00;4
14;243;68;PRIMEIRA INFÂNCIA MINAS;0,00;0,00;;0,00;0,00;;0,00;14315060,00;4
14;306;;ALIMENTAÇÃO E NUTRIÇÃO;0,00;0,00;;660000,00;0,00;;0,00;2389859,00;3
14;306;74;SEGURANÇA ALIMENTAR E NUTRICIONAL SUSTENTÁVEL PARA TODOS OS POVOS DO TERRITÓRIO MINEIRO;0,00;0,00;;660000,00;0,00;;0,00;2069099,00;4
14;306;83;POLÍTICAS DE PROMOÇÃO AO DESENVOLVIMENTO SOCIAL NO CONTEXTO RURAL - PERCURSOS GERAIS: TRAJETÓRIA PARA AUTONOMIA;0,00;0,00;;0,00;0,00;;0,00;320760,00;4
14;421;;CUSTÓDIA E REINTEGRAÇÃO SOCIAL;0,00;0,00;;0,00;0,00;;0,00;1000,00;3
14;421;141;POLÍTICAS SOBRE DROGAS;0,00;0,00;;0,00;0,00;;0,00;1000,00;4
14;422;;DIREITOS INDIVIDUAIS, COLETIVOS E DIFUSOS;11088159,00;0,00;;5728690,00;0,00;;0,00;43758474,00;3
14;422;1;MINAS ÍNTEGRA E TRANSPARENTE;0,00;0,00;;0,00;0,00;;0,00;1200,00;4
14;422;5;PROGRAMA MINEIRO DE ACESSIBILIDADE, INCLUSÃO E SAÚDE (PROMAIS);0,00;0,00;;0,00;0,00;;0,00;1000,00;4
14;422;55;CONTROLE SOCIAL ATRAVÉS DA DEFESA DOS USUÁRIOS DE SERVIÇOS PÚBLICOS;0,00;0,00;;0,00;0,00;;0,00;730770,00;4
14;422;70;POLÍTICAS DE DIREITOS HUMANOS;11088159,00;0,00;;5728690,00;0,00;;0,00;34795937,00;4
14;422;86;POLÍTICA DOS DIREITOS DAS MULHERES;0,00;0,00;;0,00;0,00;;0,00;7052571,00;4
14;422;705;APOIO ÀS POLÍTICAS PÚBLICAS;0,00;0,00;;0,00;0,00;;0,00;1176996,00;4
15;;;URBANISMO;52264206,00;0,00;;234908539,00;0,00;;0,00;352456348,00;2
15;122;;ADMINISTRAÇÃO GERAL;6225638,00;0,00;;5937158,00;0,00;;0,00;44101430,00;3
15;122;705;APOIO ÀS POLÍTICAS PÚBLICAS;6225638,00;0,00;;5937158,00;0,00;;0,00;44101430,00;4
15;127;;ORDENAMENTO TERRITORIAL;0,00;0,00;;14561527,00;0,00;;0,00;32832794,00;3
15;127;77;CAMINHOS PARA O DESENVOLVIMENTO INTEGRADO METROPOLITANO;0,00;0,00;;14561527,00;0,00;;0,00;16287157,00;4
15;127;125;POLÍTICA DE REGULARIZAÇÃO FUNDIÁRIA E DE GESTÃO DE IMÓVEIS;0,00;0,00;;0,00;0,00;;0,00;16545637,00;4
15;451;;INFRA-ESTRUTURA URBANA;46038568,00;0,00;;214409854,00;0,00;;0,00;275522124,00;3
15;451;81;DESENVOLVIMENTO SUSTENTÁVEL DA INFRAESTRUTURA RODOVIÁRIA;0,00;0,00;;73628743,00;0,00;;0,00;76056428,00;4
15;451;99;DESENVOLVIMENTO DA INFRAESTRUTURA ESTADUAL, MUNICIPAL E REGIONAL;0,00;0,00;;140781111,00;0,00;;0,00;145974211,00;4
15;451;705;APOIO ÀS POLÍTICAS PÚBLICAS;46038568,00;0,00;;0,00;0,00;;0,00;53491485,00;4
16;;;HABITAÇÃO;0,00;0,00;;9000000,00;34822595,00;;0,00;92718265,00;2
16;122;;ADMINISTRAÇÃO GERAL;0,00;0,00;;0,00;16823595,00;;0,00;20059662,00;3
16;122;73;MORADAS GERAIS;0,00;0,00;;0,00;16823595,00;;0,00;20059662,00;4
16;244;;ASSISTÊNCIA COMUNITÁRIA;0,00;0,00;;9000000,00;0,00;;0,00;54180997,00;3
16;244;73;MORADAS GERAIS;0,00;0,00;;9000000,00;0,00;;0,00;54180997,00;4
16;482;;HABITAÇÃO URBANA;0,00;0,00;;0,00;17999000,00;;0,00;18477606,00;3
16;482;9;PROGRAMA DE APOIO HABITACIONAL AOS MILITARES DO ESTADO DE MINAS GERAIS;0,00;0,00;;0,00;0,00;;0,00;477606,00;4
16;482;73;MORADAS GERAIS;0,00;0,00;;0,00;0,00;;0,00;1000,00;4
16;482;705;APOIO ÀS POLÍTICAS PÚBLICAS;0,00;0,00;;0,00;1000,00;;0,00;1000,00;4
16;482;765;APOIO HABITACIONAL;0,00;0,00;;0,00;17998000,00;;0,00;17998000,00;4
17;;;SANEAMENTO;15937934,00;0,00;;62680588,00;1000,00;;0,00;92411003,00;2
17;122;;ADMINISTRAÇÃO GERAL;15937934,00;0,00;;0,00;0,00;;0,00;18231889,00;3
17;122;705;APOIO ÀS POLÍTICAS PÚBLICAS;15937934,00;0,00;;0,00;0,00;;0,00;18231889,00;4
17;125;;NORMATIZAÇÃO E FISCALIZAÇÃO;0,00;0,00;;0,00;0,00;;0,00;2192479,00;3
17;125;10;REGULAÇÃO E FISCALIZAÇÃO DOS SERVIÇOS DE ABASTECIMENTO DE ÁGUA E DE ESGOTAMENTO SANITÁRIO E ATENDIMENTO AOS USUÁRIOS;0,00;0,00;;0,00;0,00;;0,00;2192479,00;4
17;511;;SANEAMENTO BÁSICO RURAL;0,00;0,00;;13670248,00;0,00;;0,00;14215520,00;3
17;511;56;DESENVOLVIMENTO DA INFRAESTRUTURA DO NORTE E NORDESTE DE MINAS GERAIS;0,00;0,00;;3009520,00;0,00;;0,00;3009520,00;4
17;511;101;PROGRAMA ENCONTRO DAS ÁGUAS;0,00;0,00;;10660728,00;0,00;;0,00;11206000,00;4
17;512;;SANEAMENTO BÁSICO URBANO;0,00;0,00;;49010340,00;1000,00;;0,00;57770115,00;3
17;512;21;SANEAMENTO E RESÍDUOS ESPECIAIS;0,00;0,00;;49010340,00;0,00;;0,00;57769115,00;4
17;512;705;APOIO ÀS POLÍTICAS PÚBLICAS;0,00;0,00;;0,00;1000,00;;0,00;1000,00;4
17;544;;RECURSOS HÍDRICOS;0,00;0,00;;0,00;0,00;;0,00;1000,00;3
17;544;40;RECUPERAÇÃO AMBIENTAL E GESTÃO DE BARRAGENS;0,00;0,00;;0,00;0,00;;0,00;1000,00;4
18;;;GESTÃO AMBIENTAL;316827219,00;0,00;;55663319,00;17499900,00;;0,00;949116853,00;2
18;122;;ADMINISTRAÇÃO GERAL;313808074,00;0,00;;9549331,00;0,00;;0,00;440656776,00;3
18;122;705;APOIO ÀS POLÍTICAS PÚBLICAS;313808074,00;0,00;;9549331,00;0,00;;0,00;440656776,00;4
18;182;;DEFESA CIVIL;3019145,00;0,00;;0,00;0,00;;0,00;12690903,00;3
18;182;52;PROMOÇÃO DE DEFESA CIVIL;3019145,00;0,00;;0,00;0,00;;0,00;12690903,00;4
18;541;;PRESERVAÇÃO E CONSERVAÇÃO AMBIENTAL;0,00;0,00;;5201311,00;17499900,00;;0,00;200474703,00;3
18;541;27;GESTÃO AMBIENTAL.;0,00;0,00;;5200000,00;0,00;;0,00;46512374,00;4
18;541;31;PROTEÇÃO DAS ÁREAS AMBIENTALMENTE CONSERVADAS, DA FAUNA E DA BIODIVERSIDADE FLORESTAL;0,00;0,00;;1311,00;17499900,00;;0,00;147228889,00;4
18;541;40;RECUPERAÇÃO AMBIENTAL E GESTÃO DE BARRAGENS;0,00;0,00;;0,00;0,00;;0,00;604099,00;4
18;541;46;SUPORTE AÉREO AOS SERVIÇOS PÚBLICOS ESTADUAIS;0,00;0,00;;0,00;0,00;;0,00;6129341,00;4
18;542;;CONTROLE AMBIENTAL;0,00;0,00;;3196123,00;0,00;;0,00;25746923,00;3
18;542;25;MONITORAMENTO, CONTROLE E FISCALIZAÇÃO AMBIENTAL;0,00;0,00;;3196123,00;0,00;;0,00;21844364,00;4
18;542;31;PROTEÇÃO DAS ÁREAS AMBIENTALMENTE CONSERVADAS, DA FAUNA E DA BIODIVERSIDADE FLORESTAL;0,00;0,00;;0,00;0,00;;0,00;3027993,00;4
18;542;41;REGULARIZAÇÃO AMBIENTAL;0,00;0,00;;0,00;0,00;;0,00;873566,00;4
18;542;705;APOIO ÀS POLÍTICAS PÚBLICAS;0,00;0,00;;0,00;0,00;;0,00;1000,00;4
18;543;;RECUPERAÇÃO DE ÁREAS DEGRADADAS;0,00;0,00;;0,00;0,00;;0,00;27497243,00;3
18;543;31;PROTEÇÃO DAS ÁREAS AMBIENTALMENTE CONSERVADAS, DA FAUNA E DA BIODIVERSIDADE FLORESTAL;0,00;0,00;;0,00;0,00;;0,00;27136707,00;4
18;543;40;RECUPERAÇÃO AMBIENTAL E GESTÃO DE BARRAGENS;0,00;0,00;;0,00;0,00;;0,00;360536,00;4
18;544;;RECURSOS HÍDRICOS;0,00;0,00;;37716554,00;0,00;;0,00;242050305,00;3
18;544;27;GESTÃO AMBIENTAL.;0,00;0,00;;0,00;0,00;;0,00;8599286,00;4
18;544;47;SUPORTE ÀS AÇÕES DE COMBATE E RESPOSTA AOS DANOS CAUSADOS PELAS CHUVAS;0,00;0,00;;0,00;0,00;;0,00;163110,00;4
18;544;65;FORTALECIMENTO DA POLÍTICA ESTADUAL DE RECURSOS HÍDRICOS;0,00;0,00;;37716554,00;0,00;;0,00;233287909,00;4
19;;;CIÊNCIA E TECNOLOGIA;10675405,00;0,00;;151894212,00;600000,00;;0,00;647503436,00;2
19;122;;ADMINISTRAÇÃO GERAL;0,00;0,00;;5883360,00;0,00;;0,00;30639424,00;3
19;122;705;APOIO ÀS POLÍTICAS PÚBLICAS;0,00;0,00;;5883360,00;0,00;;0,00;30639424,00;4
19;571;;DESENVOLVIMENTO CIENTÍFICO;10675405,00;0,00;;122395986,00;600000,00;;0,00;517736538,00;3
19;571;16;INOVAÇÕES E SOLUÇÕES TECNOLÓGICAS PARA A AGROPECUÁRIA E A AGROINDÚSTRIA;0,00;0,00;;8064803,00;0,00;;0,00;31564979,00;4
19;571;22;CONSTRUINDO O FUTURO POR MEIO DA CIÊNCIA, DA TECNOLOGIA E DA INOVAÇÃO;0,00;0,00;;98903944,00;600000,00;;0,00;426959256,00;4
19;571;143;MG TECH - POLÍTICAS DE CIÊNCIA, TECNOLOGIA E INOVAÇÃO;0,00;0,00;;15427239,00;0,00;;0,00;47185570,00;4
19;571;705;APOIO ÀS POLÍTICAS PÚBLICAS;10675405,00;0,00;;0,00;0,00;;0,00;12026733,00;4
19;572;;DESENVOLVIMENTO TECNOLÓGICO E ENGENHARIA;0,00;0,00;;16323784,00;0,00;;0,00;36644944,00;3
19;572;22;CONSTRUINDO O FUTURO POR MEIO DA CIÊNCIA, DA TECNOLOGIA E DA INOVAÇÃO;0,00;0,00;;16323784,00;0,00;;0,00;36644944,00;4
19;573;;DIFUSÃO DO CONHECIMENTO CIENTÍFICO E TECNOLÓGICO;0,00;0,00;;7291082,00;0,00;;0,00;62482530,00;3
19;573;22;CONSTRUINDO O FUTURO POR MEIO DA CIÊNCIA, DA TECNOLOGIA E DA INOVAÇÃO;0,00;0,00;;0,00;0,00;;0,00;22350459,00;4
19;573;143;MG TECH - POLÍTICAS DE CIÊNCIA, TECNOLOGIA E INOVAÇÃO;0,00;0,00;;7291082,00;0,00;;0,00;40132071,00;4
20;;;AGRICULTURA;656430774,00;0,00;;206347391,00;0,00;;0,00;1177685090,00;2
20;122;;ADMINISTRAÇÃO GERAL;655939100,00;0,00;;601940,00;0,00;;0,00;735515033,00;3
20;122;705;APOIO ÀS POLÍTICAS PÚBLICAS;655939100,00;0,00;;601940,00;0,00;;0,00;735515033,00;4
20;127;;ORDENAMENTO TERRITORIAL;0,00;0,00;;1000000,00;0,00;;0,00;2377192,00;3
20;127;114;INFRAESTRUTURA RURAL E AGRICULTURA SUSTENTÁVEL;0,00;0,00;;1000000,00;0,00;;0,00;2377192,00;4
20;304;;VIGILÂNCIA SANITÁRIA;0,00;0,00;;209210,00;0,00;;0,00;2904557,00;3
20;304;80;SEGURANÇA DE ALIMENTOS;0,00;0,00;;26250,00;0,00;;0,00;2208308,00;4
20;304;112;CERTIFICAÇÕES E HABILITAÇÕES DE PRODUTOS AGROPECUÁRIOS E AGROINDUSTRIAIS;0,00;0,00;;182960,00;0,00;;0,00;508461,00;4
20;304;118;EDUCAÇÃO E SUCESSÃO RURAL;0,00;0,00;;0,00;0,00;;0,00;187788,00;4
20;544;;RECURSOS HÍDRICOS;0,00;0,00;;111892093,00;0,00;;0,00;129009357,00;3
20;544;56;DESENVOLVIMENTO DA INFRAESTRUTURA DO NORTE E NORDESTE DE MINAS GERAIS;0,00;0,00;;111892093,00;0,00;;0,00;129000704,00;4
20;544;114;INFRAESTRUTURA RURAL E AGRICULTURA SUSTENTÁVEL;0,00;0,00;;0,00;0,00;;0,00;8653,00;4
20;571;;DESENVOLVIMENTO CIENTÍFICO;0,00;0,00;;0,00;0,00;;0,00;5100000,00;3
20;571;16;INOVAÇÕES E SOLUÇÕES TECNOLÓGICAS PARA A AGROPECUÁRIA E A AGROINDÚSTRIA;0,00;0,00;;0,00;0,00;;0,00;5100000,00;4
20;573;;DIFUSÃO DO CONHECIMENTO CIENTÍFICO E TECNOLÓGICO;0,00;0,00;;0,00;0,00;;0,00;200000,00;3
20;573;16;INOVAÇÕES E SOLUÇÕES TECNOLÓGICAS PARA A AGROPECUÁRIA E A AGROINDÚSTRIA;0,00;0,00;;0,00;0,00;;0,00;200000,00;4
20;605;;ABASTECIMENTO;0,00;0,00;;0,00;0,00;;0,00;480000,00;3
20;605;108;ACESSO A MERCADOS;0,00;0,00;;0,00;0,00;;0,00;480000,00;4
20;606;;EXTENSÃO RURAL;0,00;0,00;;11285338,00;0,00;;0,00;95121224,00;3
20;606;90;ASSISTÊNCIA TECNICA E EXTENSÃO RURAL PARA O ESTADO DE MINAS GERAIS;0,00;0,00;;11285338,00;0,00;;0,00;95106224,00;4
20;606;110;REGULARIZAÇÃO FUNDIÁRIA - AMPLIAÇÃO DA SEGURANÇA JURÍDICA NO CAMPO;0,00;0,00;;0,00;0,00;;0,00;15000,00;4
20;607;;IRRIGAÇÃO;0,00;0,00;;0,00;0,00;;0,00;13841359,00;3
20;607;114;INFRAESTRUTURA RURAL E AGRICULTURA SUSTENTÁVEL;0,00;0,00;;0,00;0,00;;0,00;13841359,00;4
20;608;;PROMOÇÃO DA PRODUÇÃO AGROPECUÁRIA;491674,00;0,00;;81328810,00;0,00;;0,00;182107601,00;3
20;608;97;MINAS SEM FOME;0,00;0,00;;22545722,00;0,00;;0,00;78162208,00;4
20;608;108;ACESSO A MERCADOS;0,00;0,00;;1200000,00;0,00;;0,00;11326448,00;4
20;608;111;DESENVOLVIMENTO DAS CADEIAS PRODUTIVAS DA AGROPECUÁRIA;0,00;0,00;;53592878,00;0,00;;0,00;70652902,00;4
20;608;112;CERTIFICAÇÕES E HABILITAÇÕES DE PRODUTOS AGROPECUÁRIOS E AGROINDUSTRIAIS;0,00;0,00;;90210,00;0,00;;0,00;5810235,00;4
20;608;113;GARANTIA DE CONTINUIDADE DA PRODUÇÃO AGROPECUÁRIA;0,00;0,00;;0,00;0,00;;0,00;6342734,00;4
20;608;116;INOVA AGRO GERAIS;0,00;0,00;;0,00;0,00;;0,00;57796,00;4
20;608;124;PROMOÇÃO DO DESENVOLVIMENTO DO NORTE E NORDESTE DE MINAS GERAIS;491674,00;0,00;;3900000,00;0,00;;0,00;9755278,00;4
20;609;;DEFESA AGROPECUÁRIA;0,00;0,00;;30000,00;0,00;;0,00;11028767,00;3
20;609;78;DEFESA SANITÁRIA;0,00;0,00;;30000,00;0,00;;0,00;10951412,00;4
20;609;108;ACESSO A MERCADOS;0,00;0,00;;0,00;0,00;;0,00;77355,00;4
21;;;ORGANIZAÇÃO AGRÁRIA;1618259,00;0,00;;0,00;0,00;;0,00;9061853,00;2
21;605;;ABASTECIMENTO;1618259,00;0,00;;0,00;0,00;;0,00;9061853,00;3
21;605;110;REGULARIZAÇÃO FUNDIÁRIA - AMPLIAÇÃO DA SEGURANÇA JURÍDICA NO CAMPO;1618259,00;0,00;;0,00;0,00;;0,00;9061853,00;4
22;;;INDÚSTRIA;0,00;0,00;;0,00;3000,00;;0,00;16220782,00;2
22;661;;PROMOÇÃO INDUSTRIAL;0,00;0,00;;0,00;1000,00;;0,00;16120236,00;3
22;661;20;FOMENTO E INCENTIVO DE INVESTIMENTOS;0,00;0,00;;0,00;1000,00;;0,00;15800000,00;4
22;661;132;MINAS EMPREENDEDORA: ESTADO MAIS SIMPLES E LIVRE PARA SE EMPREENDER;0,00;0,00;;0,00;0,00;;0,00;319236,00;4
22;661;133;MINAS GERAÇÃO DE VALOR;0,00;0,00;;0,00;0,00;;0,00;1000,00;4
22;662;;PRODUÇÃO INDUSTRIAL;0,00;0,00;;0,00;2000,00;;0,00;2000,00;3
22;662;705;APOIO ÀS POLÍTICAS PÚBLICAS;0,00;0,00;;0,00;2000,00;;0,00;2000,00;4
22;663;;MINERAÇÃO;0,00;0,00;;0,00;0,00;;0,00;98546,00;3
22;663;133;MINAS GERAÇÃO DE VALOR;0,00;0,00;;0,00;0,00;;0,00;98546,00;4
23;;;COMÉRCIO E SERVIÇOS;57458719,00;0,00;;14617906,00;70313000,00;;0,00;224872315,00;2
23;122;;ADMINISTRAÇÃO GERAL;57458719,00;0,00;;1143259,00;0,00;;0,00;107412191,00;3
23;122;29;REGISTRO PÚBLICO DE EMPRESAS MERCANTIS E ATIVIDADES AFINS;0,00;0,00;;360259,00;0,00;;0,00;505759,00;4
23;122;705;APOIO ÀS POLÍTICAS PÚBLICAS;57458719,00;0,00;;783000,00;0,00;;0,00;106906432,00;4
23;125;;NORMATIZAÇÃO E FISCALIZAÇÃO;0,00;0,00;;7938574,00;0,00;;0,00;26721543,00;3
23;125;12;POLÍTICA PÚBLICA DE METROLOGIA E AVALIAÇÃO DA CONFORMIDADE;0,00;0,00;;600000,00;0,00;;0,00;14047522,00;4
23;125;29;REGISTRO PÚBLICO DE EMPRESAS MERCANTIS E ATIVIDADES AFINS;0,00;0,00;;7338574,00;0,00;;0,00;12674021,00;4
23;334;;FOMENTO AO TRABALHO;0,00;0,00;;0,00;70200000,00;;0,00;70200000,00;3
23;334;132;MINAS EMPREENDEDORA: ESTADO MAIS SIMPLES E LIVRE PARA SE EMPREENDER;0,00;0,00;;0,00;70200000,00;;0,00;70200000,00;4
23;665;;NORMALIZAÇÃO E QUALIDADE;0,00;0,00;;50000,00;0,00;;0,00;911863,00;3
23;665;12;POLÍTICA PÚBLICA DE METROLOGIA E AVALIAÇÃO DA CONFORMIDADE;0,00;0,00;;50000,00;0,00;;0,00;911863,00;4
23;691;;PROMOÇÃO COMERCIAL;0,00;0,00;;4000000,00;3000,00;;0,00;15546689,00;3
23;691;24;DESENVOLVIMENTO SOCIOECONÔMICO;0,00;0,00;;0,00;3000,00;;0,00;3000,00;4
23;691;132;MINAS EMPREENDEDORA: ESTADO MAIS SIMPLES E LIVRE PARA SE EMPREENDER;0,00;0,00;;4000000,00;0,00;;0,00;15291993,00;4
23;691;133;MINAS GERAÇÃO DE VALOR;0,00;0,00;;0,00;0,00;;0,00;251696,00;4
23;692;;COMERCIALIZAÇÃO;0,00;0,00;;0,00;0,00;;0,00;1615200,00;3
23;692;126;EXPLORAÇÃO DE JOGOS LOTÉRICOS E SIMILARES;0,00;0,00;;0,00;0,00;;0,00;1615200,00;4
23;693;;COMÉRCIO EXTERIOR;0,00;0,00;;0,00;0,00;;0,00;207156,00;3
23;693;133;MINAS GERAÇÃO DE VALOR;0,00;0,00;;0,00;0,00;;0,00;207156,00;4
23;694;;SERVIÇOS FINANCEIROS;0,00;0,00;;0,00;110000,00;;0,00;110000,00;3
23;694;705;APOIO ÀS POLÍTICAS PÚBLICAS;0,00;0,00;;0,00;110000,00;;0,00;110000,00;4
23;695;;TURISMO;0,00;0,00;;1486073,00;0,00;;0,00;2147673,00;3
23;695;100;MAIS TURISTAS;0,00;0,00;;1486073,00;0,00;;0,00;2146673,00;4
23;695;102;FOMENTO À ECONOMIA DA CRIATIVIDADE;0,00;0,00;;0,00;0,00;;0,00;1000,00;4
25;;;ENERGIA;0,00;0,00;;11192448,00;1000,00;;0,00;14460805,00;2
25;752;;ENERGIA ELÉTRICA;0,00;0,00;;0,00;1000,00;;0,00;1000,00;3
25;752;705;APOIO ÀS POLÍTICAS PÚBLICAS;0,00;0,00;;0,00;1000,00;;0,00;1000,00;4
25;753;;COMBUSTÍVEIS MINERAIS;0,00;0,00;;0,00;0,00;;0,00;2828249,00;3
25;753;133;MINAS GERAÇÃO DE VALOR;0,00;0,00;;0,00;0,00;;0,00;2828249,00;4
25;754;;BIOCOMBUSTÍVEIS;0,00;0,00;;11192448,00;0,00;;0,00;11631556,00;3
25;754;133;MINAS GERAÇÃO DE VALOR;0,00;0,00;;11192448,00;0,00;;0,00;11631556,00;4
26;;;TRANSPORTE;140635765,00;0,00;;1728085223,00;1000,00;;0,00;2038298861,00;2
26;122;;ADMINISTRAÇÃO GERAL;0,00;0,00;;8927956,00;0,00;;0,00;70792283,00;3
26;122;705;APOIO ÀS POLÍTICAS PÚBLICAS;0,00;0,00;;8927956,00;0,00;;0,00;70792283,00;4
26;129;;ADMINISTRAÇÃO DE RECEITAS;0,00;0,00;;1000,00;0,00;;0,00;29783158,00;3
26;129;705;APOIO ÀS POLÍTICAS PÚBLICAS;0,00;0,00;;1000,00;0,00;;0,00;29783158,00;4
26;453;;TRANSPORTES COLETIVOS URBANOS;0,00;0,00;;57862791,00;0,00;;0,00;62910907,00;3
26;453;117;MOBILIDADE, TRANSPORTES E LOGÍSTICA;0,00;0,00;;57862791,00;0,00;;0,00;62910907,00;4
26;781;;TRANSPORTE AÉREO;0,00;0,00;;0,00;0,00;;0,00;1268000,00;3
26;781;117;MOBILIDADE, TRANSPORTES E LOGÍSTICA;0,00;0,00;;0,00;0,00;;0,00;1268000,00;4
26;782;;TRANSPORTE RODOVIÁRIO;140635765,00;0,00;;1661293476,00;0,00;;0,00;1873542513,00;3
26;782;47;SUPORTE ÀS AÇÕES DE COMBATE E RESPOSTA AOS DANOS CAUSADOS PELAS CHUVAS;0,00;0,00;;20000000,00;0,00;;0,00;20000000,00;4
26;782;81;DESENVOLVIMENTO SUSTENTÁVEL DA INFRAESTRUTURA RODOVIÁRIA;0,00;0,00;;1507923185,00;0,00;;0,00;1545956632,00;4
26;782;82;PROMOÇÃO DA SEGURANÇA VIÁRIA;0,00;0,00;;133370291,00;0,00;;0,00;133942691,00;4
26;782;705;APOIO ÀS POLÍTICAS PÚBLICAS;140635765,00;0,00;;0,00;0,00;;0,00;173643190,00;4
26;783;;TRANSPORTE FERROVIÁRIO;0,00;0,00;;0,00;1000,00;;0,00;2000,00;3
26;783;117;MOBILIDADE, TRANSPORTES E LOGÍSTICA;0,00;0,00;;0,00;0,00;;0,00;1000,00;4
26;783;705;APOIO ÀS POLÍTICAS PÚBLICAS;0,00;0,00;;0,00;1000,00;;0,00;1000,00;4
27;;;DESPORTO E LAZER;0,00;0,00;;9645216,00;0,00;;0,00;43871300,00;2
27;366;;EDUCAÇÃO DE JOVENS E ADULTOS;0,00;0,00;;0,00;0,00;;0,00;15075017,00;3
27;366;69;FOMENTO AO ESPORTE, À ATIVIDADE FÍSICA E AO LAZER;0,00;0,00;;0,00;0,00;;0,00;15075017,00;4
27;811;;DESPORTO DE RENDIMENTO;0,00;0,00;;0,00;0,00;;0,00;2870844,00;3
27;811;69;FOMENTO AO ESPORTE, À ATIVIDADE FÍSICA E AO LAZER;0,00;0,00;;0,00;0,00;;0,00;2870844,00;4
27;812;;DESPORTO COMUNITÁRIO;0,00;0,00;;9645216,00;0,00;;0,00;22491928,00;3
27;812;69;FOMENTO AO ESPORTE, À ATIVIDADE FÍSICA E AO LAZER;0,00;0,00;;9645216,00;0,00;;0,00;22491928,00;4
27;813;;LAZER;0,00;0,00;;0,00;0,00;;0,00;3433511,00;3
27;813;69;FOMENTO AO ESPORTE, À ATIVIDADE FÍSICA E AO LAZER;0,00;0,00;;0,00;0,00;;0,00;3433511,00;4
28;;;ENCARGOS ESPECIAIS;1165927185,00;1394160307,00;;0,00;1000,00;;0,00;11016148633,00;2
28;843;;SERVIÇO DA DÍVIDA INTERNA;0,00;719718748,00;;0,00;0,00;;0,00;2877746181,00;3
28;843;705;APOIO ÀS POLÍTICAS PÚBLICAS;0,00;719718748,00;;0,00;0,00;;0,00;2877746181,00;4
28;844;;SERVIÇO DA DÍVIDA EXTERNA;0,00;466924266,00;;0,00;0,00;;0,00;1845561458,00;3
28;844;705;APOIO ÀS POLÍTICAS PÚBLICAS;0,00;466924266,00;;0,00;0,00;;0,00;1845561458,00;4
28;846;;OUTROS ENCARGOS ESPECIAIS;1165927185,00;207517293,00;;0,00;1000,00;;0,00;6292840994,00;3
28;846;705;APOIO ÀS POLÍTICAS PÚBLICAS;1165927185,00;207517293,00;;0,00;1000,00;;0,00;6292840994,00;4
99;;;RESERVA DE CONTINGÊNCIA;0,00;0,00;;0,00;0,00;;1177567620,00;1177567620,00;2
99;999;;RESERVA DE CONTINGÊNCIA;0,00;0,00;;0,00;0,00;;1177567620,00;1177567620,00;3
99;999;999;RESERVA DE CONTINGÊNCIA;0,00;0,00;;0,00;0,00;;1177567620,00;1177567620,00;4
100;;;TOTAL;90997987250,00;1394160307,00;;7748298779,00;1518766905,00;;1177567620,00;146969637358,00;2
